episode,epsilon,reward_sum,reward_mean,violation_sum,risk_sum,energy_mean,admission_mean,slew_mean,overshoot_sum,q_max,q_mean
1,0.41953,-1114.08736,-9.28406,0.0,0.0,1.36444,0.91067,0.16087,0.00708,0.0,-0.39711
2,0.41907,-1150.65401,-9.58878,0.0,0.0,1.38903,0.9105,0.16454,0.0,0.0,-0.78439
3,0.4186,-1142.08779,-9.5174,0.0,0.0,1.40348,0.91125,0.15597,0.00574,0.0,-1.14326
4,0.41813,-1327.03035,-11.05859,0.0,0.0,1.4458,0.90908,0.15273,0.0,0.0,-1.53717
5,0.41767,-1171.92381,-9.76603,0.0,0.0,1.38158,0.9085,0.16122,0.0,0.0,-1.8582
6,0.4172,-262.86395,-2.19053,0.0,1.74826,1.05773,0.94317,0.13443,17.01847,0.0,-1.84031
7,0.41673,-305.28471,-2.54404,0.0,0.44534,1.0715,0.94925,0.12816,12.41787,0.0,-1.7093
8,0.41627,-475.32496,-3.96104,0.0,0.0,1.13568,0.92433,0.14977,1.20918,0.0,-1.71271
9,0.4158,-813.22033,-6.77684,0.0,0.0,1.29198,0.91692,0.15016,1.49998,0.0,-1.90742
10,0.41533,-1096.8749,-9.14062,0.0,0.0,1.40559,0.91567,0.1602,0.03311,0.0,-2.20955
11,0.41487,-980.66535,-8.17221,0.0,0.0,1.38882,0.91283,0.16678,0.23948,0.0,-2.45571
12,0.4144,-718.21907,-5.98516,0.0,0.0,1.23543,0.93,0.14817,1.22315,0.0,-2.5953
13,0.41393,-1178.34128,-9.81951,0.0,0.0,1.41789,0.91317,0.15827,0.01332,0.0,-2.88744
14,0.41347,-1165.55103,-9.71293,0.0,0.0,1.33814,0.90975,0.164,0.0,0.0,-3.16108
15,0.413,-1132.62209,-9.43852,0.0,0.0,1.38439,0.91042,0.15076,0.00012,0.0,-3.40721
16,0.41253,-924.34611,-7.70288,0.0,0.01144,1.31718,0.93158,0.13648,4.97239,0.0,-3.5443
17,0.41207,-914.19799,-7.61832,0.0,0.0,1.25265,0.92775,0.13356,0.00454,0.0,-3.69924
18,0.4116,-1077.37459,-8.97812,0.0,0.0,1.38711,0.91483,0.13579,0.01866,0.0,-3.91424
19,0.41113,-724.54993,-6.03792,0.0,0.59466,1.16023,0.93892,0.14194,6.92265,0.0,-3.91135
20,0.41067,-749.2845,-6.24404,0.0,0.0,1.12448,0.92375,0.14694,0.58432,0.0,-3.98588
21,0.4102,-1304.72691,-10.87272,0.0,0.0,1.42734,0.90133,0.16061,0.0,0.0,-4.27899
22,0.40973,-981.43066,-8.17859,0.0,0.0,1.27609,0.9255,0.14713,0.01561,0.0,-4.51912
23,0.40927,-1288.98661,-10.74156,0.0,0.0,1.496,0.89708,0.15184,0.0112,0.0,-4.77885
24,0.4088,-1282.0926,-10.6841,0.0,0.0,1.46242,0.89925,0.15284,0.08406,0.0,-5.01628
25,0.40833,-1200.22808,-10.0019,0.0,0.0,1.52593,0.88475,0.15811,0.01691,0.0,-5.19038
26,0.40787,-963.2077,-8.02673,0.0,0.0,1.3221,0.91842,0.15367,0.0,0.0,-5.26684
27,0.4074,-496.54963,-4.13791,0.0,0.88136,1.10713,0.9415,0.11588,10.07696,0.0,-5.18703
28,0.40693,-690.83069,-5.75692,0.0,0.0,1.1153,0.944,0.12105,2.01138,0.0,-5.07403
29,0.40647,-727.68163,-6.06401,0.0,0.26457,1.16856,0.94175,0.11735,7.64022,0.0,-5.06034
30,0.406,-827.59421,-6.89662,0.0,0.0,1.22711,0.92775,0.14426,4.66696,0.0,-5.12358
31,0.40553,-915.9387,-7.63282,0.0,0.0,1.39977,0.90417,0.14354,0.0,0.0,-5.22377
32,0.40507,-739.41355,-6.16178,0.0,0.23908,1.17653,0.93442,0.14359,7.95977,0.0,-5.30196
33,0.4046,-1091.09926,-9.09249,0.0,0.0,1.42411,0.91233,0.16157,0.0,0.0,-5.51363
34,0.40413,-878.21581,-7.31847,0.0,0.00588,1.27933,0.92167,0.15134,2.74717,0.0,-5.65249
35,0.40367,-1319.01565,-10.9918,0.0,0.0,1.46544,0.90717,0.15663,0.0,0.0,-5.85384
36,0.4032,-869.32073,-7.24434,0.0,0.02449,1.18248,0.93567,0.14599,5.30134,0.0,-5.94619
37,0.40273,-528.31808,-4.40265,0.0,0.0,1.10657,0.94908,0.11325,0.02079,0.0,-5.87376
38,0.40227,-820.45943,-6.83716,0.0,0.36308,1.2265,0.9385,0.14101,10.67913,0.0,-5.86757
39,0.4018,-1052.54274,-8.77119,0.0,0.0,1.36171,0.90675,0.16172,0.01855,0.0,-6.03236
40,0.40133,-630.43059,-5.25359,0.0,0.0,1.15774,0.93758,0.12612,0.29347,0.0,-5.98397
41,0.40087,-691.65929,-5.76383,0.0,0.0,1.15336,0.9465,0.12624,0.06309,0.0,-5.90653
42,0.4004,-869.40781,-7.24507,0.0,0.12957,1.21365,0.93992,0.1629,5.55117,0.0,-5.955
43,0.39993,-1161.25812,-9.67715,0.0,0.0,1.43564,0.91242,0.15056,0.01474,0.0,-6.15565
44,0.39947,-1253.91057,-10.44925,0.0,0.0,1.41465,0.90975,0.16528,4e-05,0.0,-6.42287
45,0.399,-1248.64768,-10.4054,0.0,0.0,1.4046,0.90908,0.14637,0.0,0.0,-6.65292
46,0.39853,-1216.11962,-10.13433,0.0,0.0,1.40901,0.91142,0.15746,0.0,0.0,-6.86859
47,0.39807,-1181.86077,-9.84884,0.0,0.0,1.38475,0.91042,0.16122,0.0,0.0,-7.06783
48,0.3976,-1078.83832,-8.99032,0.0,0.0,1.33857,0.91433,0.15082,0.05249,0.0,-7.23401
49,0.39713,-929.37136,-7.74476,0.0,0.0,1.26188,0.93233,0.14395,1.85741,0.0,-7.33517
50,0.39667,-576.89019,-4.80742,0.0,0.41924,1.09508,0.93992,0.1533,11.49105,0.0,-7.28338
51,0.3962,-799.61586,-6.66347,0.0,2.35315,1.10552,0.94167,0.14684,17.69617,0.0,-7.15714
52,0.39573,-679.67278,-5.66394,0.0,0.51812,1.13752,0.93975,0.13655,12.63177,0.0,-7.09938
53,0.39527,-443.5628,-3.69636,0.0,0.0865,1.09241,0.94367,0.14472,10.05277,0.0,-6.94628
54,0.3948,-202.65198,-1.68877,0.0,0.20747,1.03368,0.95017,0.13994,8.99595,0.0,-6.66271
55,0.39433,-754.12133,-6.28434,0.0,0.38274,1.10823,0.94075,0.1463,7.30571,0.0,-6.60631
56,0.39387,-1136.47992,-9.47067,0.0,0.0,1.25991,0.90425,0.1621,0.0,0.0,-6.76826
57,0.3934,-1153.15964,-9.60966,0.0,0.0,1.36174,0.90892,0.14644,0.03746,0.0,-6.9758
58,0.39293,-972.48739,-8.10406,0.0,0.0,1.32768,0.9135,0.15653,0.0,0.0,-7.07661
59,0.39247,-1125.67389,-9.38062,0.0,0.0,1.27366,0.91842,0.15712,0.02576,0.0,-7.29508
60,0.392,-1097.25324,-9.14378,0.0,0.0,1.42659,0.90058,0.15823,0.0,0.0,-7.43679
61,0.39153,-1048.13429,-8.73445,0.0,0.0,1.3229,0.91417,0.16243,0.0,0.0,-7.57872
62,0.39107,-1020.47564,-8.50396,0.0,0.0,1.37909,0.9015,0.15308,0.11604,0.0,-7.75546
63,0.3906,-1230.71127,-10.25593,0.0,0.0,1.45548,0.91217,0.1433,5e-05,0.0,-7.96471
64,0.39013,-469.31783,-3.91098,0.0,2.04549,1.09721,0.93492,0.1438,19.10216,0.0,-7.79545
65,0.38967,-302.99369,-2.52495,0.0,0.40782,1.05908,0.948,0.12016,12.54351,0.0,-7.49791
66,0.3892,-251.2045,-2.09337,0.0,0.19704,1.01269,0.94617,0.12626,9.29483,0.0,-7.18522
67,0.38873,-278.9714,-2.32476,0.0,0.17264,1.05817,0.93617,0.12901,7.5489,0.0,-6.84729
68,0.38827,-233.84133,-1.94868,0.0,0.0,1.0378,0.94208,0.13733,8.86874,0.0,-6.5087
69,0.3878,-228.81352,-1.90678,0.0,0.25988,1.04951,0.94592,0.1331,13.93974,0.0,-6.28876
70,0.38733,-104.98015,-0.87483,0.0,0.0,1.04378,0.9475,0.13286,1.62996,0.0,-5.97461
71,0.38687,-221.00328,-1.84169,0.0,0.41253,1.02813,0.94567,0.13014,10.96198,0.0,-5.7454
72,0.3864,-318.73696,-2.65614,0.0,0.08196,1.03487,0.94125,0.13678,7.12212,0.0,-5.61455
73,0.38593,-115.85938,-0.96549,0.0,0.0,1.02621,0.94533,0.13275,0.54763,0.0,-5.4976
74,0.38547,-157.40635,-1.31172,0.0,0.05309,1.03486,0.94492,0.12721,6.75537,0.0,-5.37599
75,0.385,-142.05842,-1.18382,0.0,0.0,1.05116,0.94383,0.13327,2.41278,0.0,-5.20677
76,0.38453,-233.96211,-1.94968,0.0,0.00907,1.08304,0.93783,0.1366,8.2077,0.0,-5.12178
77,0.38407,-154.80536,-1.29004,0.0,0.0,1.04361,0.94542,0.13601,3.59649,0.0,-4.99836
78,0.3836,-788.31099,-6.56926,0.0,0.08119,1.18768,0.92708,0.15952,5.00701,0.0,-5.19844
79,0.38313,-447.25977,-3.72716,0.0,0.0,1.13656,0.9295,0.1403,0.99011,0.0,-5.26215
80,0.38267,-900.07418,-7.50062,0.0,0.0,1.22461,0.92233,0.14927,0.0,0.0,-5.45302
81,0.3822,-874.08802,-7.28407,0.0,0.0,1.35112,0.92333,0.15313,0.01275,0.0,-5.66243
82,0.38173,-1209.96578,-10.08305,0.0,0.0,1.37097,0.91375,0.15749,0.06,0.0,-5.98597
83,0.38127,-1039.15393,-8.65962,0.0,0.0,1.35218,0.91817,0.16099,0.00784,0.0,-6.24161
84,0.3808,-1169.43844,-9.74532,0.0,0.0,1.42358,0.91192,0.16066,0.0017,0.0,-6.53014
85,0.38033,-1123.99019,-9.36658,0.0,0.0,1.39447,0.91075,0.16017,0.0,0.0,-6.78003
86,0.37987,-1049.66773,-8.74723,0.0,0.0,1.2973,0.91533,0.15253,0.0,0.0,-6.99199
87,0.3794,-954.64213,-7.95535,0.0,0.0,1.31156,0.92108,0.14774,0.0,0.0,-7.16358
88,0.37893,-1143.01503,-9.52513,0.0,0.0,1.38824,0.912,0.1635,0.0,0.0,-7.40646
89,0.37847,-1056.51513,-8.80429,0.0,0.0,1.43478,0.90467,0.14672,0.3204,0.0,-7.57803
90,0.378,-1091.35228,-9.0946,0.0,0.0,1.43329,0.91358,0.15749,0.00263,0.0,-7.76556
91,0.37753,-1251.58193,-10.42985,0.0,0.0,1.3696,0.91025,0.15918,0.0,0.0,-8.00108
92,0.37707,-1011.21927,-8.42683,0.0,0.0,1.36221,0.92125,0.12142,0.0,0.0,-8.15594
93,0.3766,-1179.13201,-9.8261,0.0,0.0,1.40408,0.92192,0.14018,0.0,0.0,-8.3494
94,0.37613,-836.19858,-6.96832,0.0,0.0,1.18128,0.931,0.1325,0.0,0.0,-8.42202
95,0.37567,-877.89702,-7.31581,0.0,0.0,1.22993,0.92692,0.14668,1.45992,0.0,-8.46238
96,0.3752,-1005.80231,-8.38169,0.0,0.0,1.37427,0.92125,0.1448,0.02412,0.0,-8.58397
97,0.37473,-1034.99489,-8.62496,0.0,0.0,1.31647,0.91583,0.15279,3e-05,0.0,-8.71175
98,0.37427,-702.13964,-5.85116,0.0,0.0,1.12226,0.93467,0.13907,0.0,0.0,-8.64093
99,0.3738,-224.34874,-1.86957,0.0,0.20341,1.03162,0.94275,0.13505,10.70876,0.0,-8.3034
100,0.37333,-144.71559,-1.20596,0.0,0.00569,1.00818,0.94325,0.11377,4.70196,0.0,-7.89258
101,0.37287,-390.2448,-3.25204,0.0,0.72294,1.07966,0.93892,0.13639,10.72885,0.0,-7.60253
102,0.3724,-168.1669,-1.40139,0.0,0.0,1.06004,0.94383,0.13007,4.98677,0.0,-7.26447
103,0.37193,-219.56202,-1.82968,0.0,0.0,1.05391,0.93375,0.13538,1.15469,0.0,-6.91923
104,0.37147,-296.29716,-2.46914,0.0,1.15086,1.07675,0.93758,0.12807,14.3053,0.0,-6.72775
105,0.371,-111.83625,-0.93197,0.0,0.0,1.03637,0.94008,0.11965,3.85066,0.0,-6.5104
106,0.37053,-91.37674,-0.76147,0.0,0.0,1.0361,0.94658,0.11965,0.61591,0.0,-6.24574
107,0.37007,-332.70116,-2.77251,0.0,0.12203,1.07093,0.93958,0.13034,8.85846,0.0,-6.13112
108,0.3696,-266.84774,-2.22373,0.0,0.0,1.0322,0.93692,0.12064,1.22456,0.0,-6.08151
109,0.36913,-636.70038,-5.30584,0.0,0.0,1.16164,0.934,0.13881,6.93388,0.0,-6.14254
110,0.36867,-1045.27219,-8.7106,0.0,0.0,1.25452,0.911,0.16199,0.0,0.0,-6.40951
111,0.3682,-1183.77841,-9.86482,0.0,0.0,1.41706,0.91242,0.16408,0.0,0.0,-6.73082
112,0.36773,-1011.73633,-8.43114,0.0,0.0,1.32112,0.9055,0.16197,0.0,0.0,-6.94631
113,0.36727,-673.05609,-5.6088,0.0,0.0,1.19037,0.92892,0.15275,6.596,0.0,-7.06496
114,0.3668,-1223.41569,-10.19513,0.0,0.0,1.43493,0.90692,0.15946,0.0,0.0,-7.37809
115,0.36633,-354.92362,-2.9577,0.0,0.15624,1.08863,0.94383,0.13134,5.3572,0.0,-7.33116
116,0.36587,-852.89099,-7.10742,0.0,0.0,1.29404,0.9265,0.13728,0.57845,0.0,-7.47567
117,0.3654,-1088.82994,-9.07358,0.0,0.0,1.39686,0.91383,0.15046,0.0,0.0,-7.72668
118,0.36493,-1168.2654,-9.73555,0.0,0.0,1.33518,0.91517,0.15168,0.0,0.0,-7.98736
119,0.36447,-1209.50493,-10.07921,0.0,0.0,1.39146,0.91142,0.15738,0.0,0.0,-8.22318
120,0.364,-781.09778,-6.50915,0.0,0.0,1.26688,0.92908,0.14791,0.05127,0.0,-8.30874
121,0.36353,-1270.76454,-10.5897,0.0,0.0,1.39669,0.91192,0.15562,0.0,0.0,-8.57349
122,0.36307,-995.35825,-8.29465,0.0,0.0,1.3165,0.911,0.16263,0.05509,0.0,-8.68959
123,0.3626,-1123.86471,-9.36554,0.0,0.0,1.34415,0.92158,0.15734,0.1377,0.0,-8.90204
124,0.36213,-1287.22062,-10.72684,0.0,0.0,1.43456,0.91033,0.1507,0.0,0.0,-9.1431
125,0.36167,-958.51645,-7.98764,0.0,0.0,1.32362,0.91733,0.15477,0.02693,0.0,-9.27284
126,0.3612,-555.38273,-4.62819,0.0,0.0,1.17151,0.92367,0.13392,0.0,0.0,-9.17205
127,0.36073,-230.79873,-1.92332,0.0,1.26463,1.05648,0.94308,0.12714,15.31563,0.0,-8.86517
128,0.36027,-191.67713,-1.59731,0.0,0.44571,1.06763,0.93833,0.12389,9.40747,0.0,-8.50553
129,0.3598,-270.07446,-2.25062,0.0,0.97122,1.04792,0.9475,0.12471,18.26689,0.0,-8.24047
130,0.35933,-270.14758,-2.25123,0.0,1.58559,1.03622,0.95,0.12175,17.74506,0.0,-7.97746
131,0.35887,-377.27454,-3.14395,0.0,2.1544,1.05159,0.949,0.12211,17.72545,0.0,-7.85526
132,0.3584,-284.87188,-2.37393,0.0,2.10477,1.04895,0.9395,0.13508,19.64113,0.0,-7.64476
133,0.35793,-198.44733,-1.65373,0.0,0.85438,1.02735,0.9495,0.12647,13.15828,0.0,-7.40033
134,0.35747,-365.58248,-3.04652,0.0,0.47919,1.05673,0.937,0.15027,9.77563,0.0,-7.32512
135,0.357,-211.12012,-1.75933,0.0,0.95002,1.03906,0.94058,0.1308,13.75242,0.0,-7.21798
136,0.35653,-843.92027,-7.03267,0.0,0.46575,1.24121,0.92367,0.15219,12.06724,0.0,-7.36412
137,0.35607,-231.14731,-1.92623,0.0,0.0,1.05551,0.93017,0.13107,3.01746,0.0,-7.31228
138,0.3556,-88.5658,-0.73805,0.0,0.0,1.01468,0.93883,0.12329,1.26155,0.0,-7.15564
139,0.35513,-195.49337,-1.62911,0.0,0.0,1.03522,0.93492,0.11882,2.74823,0.0,-7.06942
140,0.35467,-773.75276,-6.44794,0.0,0.0,1.23746,0.9195,0.15743,4.45579,0.0,-7.20309
141,0.3542,-66.35303,-0.55294,0.0,0.0,1.03357,0.94833,0.1279,0.83321,0.0,-7.09017
142,0.35373,-716.66275,-5.97219,0.0,0.0,1.18436,0.91483,0.1534,1.73548,0.0,-7.19224
143,0.35327,-987.41696,-8.22847,0.0,0.0,1.30324,0.91375,0.15396,0.0,0.0,-7.42531
144,0.3528,-135.90304,-1.13253,0.0,0.05708,1.0295,0.93783,0.13405,6.07462,0.0,-7.32193
145,0.35233,-393.50379,-3.2792,0.0,0.0,1.09326,0.93408,0.14018,0.76069,0.0,-7.26734
146,0.35187,-983.97415,-8.19978,0.0,0.03678,1.28201,0.92142,0.15304,3.79283,0.0,-7.49779
147,0.3514,-961.70783,-8.01423,0.0,0.0,1.27743,0.92342,0.15004,0.0,0.0,-7.74571
148,0.35093,-1249.888,-10.41573,0.0,0.0,1.43825,0.90967,0.15825,0.0,0.0,-8.07881
149,0.35047,-915.28525,-7.62738,0.0,0.0,1.33492,0.92242,0.13426,0.06194,0.0,-8.2852
150,0.35,-839.45196,-6.99543,0.0,0.0,1.33533,0.92333,0.16017,4.24319,0.0,-8.46072
151,0.34953,-360.36069,-3.00301,0.0,0.0,1.07222,0.93808,0.12712,0.00959,0.0,-8.39832
152,0.34907,-159.84363,-1.33203,0.0,0.40432,1.04446,0.94725,0.11938,9.2794,0.0,-8.20242
153,0.3486,-222.6616,-1.85551,0.0,1.33927,1.02978,0.9435,0.11957,13.37794,0.0,-8.04541
154,0.34813,-800.22895,-6.66857,0.0,0.67425,1.11098,0.93692,0.14735,16.05569,0.0,-8.04705
155,0.34767,-282.66185,-2.35552,0.0,0.0,1.07564,0.94042,0.14755,0.0322,0.0,-7.94815
156,0.3472,-242.44959,-2.02041,0.0,1.04477,1.03241,0.94558,0.11988,16.26334,0.0,-7.8742
157,0.34673,-218.9536,-1.82461,0.0,0.12166,1.04404,0.93692,0.12179,5.94067,0.0,-7.72344
158,0.34627,-96.01823,-0.80015,0.0,0.0,1.03575,0.94333,0.12712,1.18375,0.0,-7.57075
159,0.3458,-317.98939,-2.64991,0.0,1.11839,1.03197,0.94483,0.13154,14.57623,0.0,-7.52309
160,0.34533,-351.26375,-2.9272,0.0,1.46442,1.06462,0.94075,0.12694,18.62908,0.0,-7.50222
161,0.34487,-142.42177,-1.18685,0.0,0.0,1.04681,0.94092,0.12689,4.7298,0.0,-7.39195
162,0.3444,-63.68348,-0.5307,0.0,0.0,1.05298,0.9365,0.12539,0.72465,0.0,-7.23968
163,0.34393,-248.7284,-2.07274,0.0,0.45205,1.02389,0.94683,0.11952,11.51436,0.0,-7.21302
164,0.34347,-844.2162,-7.03514,0.0,0.0,1.15336,0.91458,0.152,0.00538,0.0,-7.414
165,0.343,-1081.36,-9.01133,0.0,0.0,1.31794,0.9075,0.16121,0.02846,0.0,-7.69933
166,0.34253,-1109.07916,-9.24233,0.0,0.0,1.38041,0.91667,0.1581,0.0,0.0,-8.00787
167,0.34207,-778.96356,-6.49136,0.0,0.0,1.32297,0.92367,0.15152,0.80355,0.0,-8.16743
168,0.3416,-969.67186,-8.0806,0.0,0.0,1.26455,0.92475,0.13764,0.0,0.0,-8.38914
169,0.34113,-663.2021,-5.52668,0.0,0.0,1.20605,0.93933,0.13977,3.85802,0.0,-8.48867
170,0.34067,-1209.05062,-10.07542,0.0,0.0,1.43098,0.90592,0.1482,0.00691,0.0,-8.77475
171,0.3402,-848.85358,-7.07378,0.0,0.0,1.24972,0.92942,0.13842,0.98258,0.0,-8.90702
172,0.33973,-973.19806,-8.10998,0.0,0.0,1.38207,0.90708,0.14913,0.0,0.0,-9.08434
173,0.33927,-823.34593,-6.86122,0.0,0.0,1.27272,0.92117,0.13433,0.03193,0.0,-9.21386
174,0.3388,-1160.26781,-9.6689,0.0,0.0,1.38744,0.91108,0.15998,0.0,0.0,-9.47919
175,0.33833,-341.60801,-2.84673,0.0,0.1409,1.04251,0.94425,0.13563,8.08276,0.0,-9.37134
176,0.33787,-640.56865,-5.33807,0.0,0.0,1.07197,0.94208,0.13877,0.69341,0.0,-9.32108
177,0.3374,-91.62572,-0.76355,0.0,0.0,1.06915,0.93642,0.13417,2.4398,0.0,-9.0766
178,0.33693,-443.90563,-3.69921,0.0,0.0,1.06772,0.93417,0.14339,7.81802,0.0,-8.89991
179,0.33647,-233.69765,-1.94748,0.0,1.02952,1.04151,0.94575,0.12671,14.10617,0.0,-8.72869
180,0.336,-185.19036,-1.54325,0.0,0.9572,1.03647,0.93983,0.11455,11.12232,0.0,-8.50203
181,0.33553,-172.17545,-1.4348,0.0,0.13663,1.01914,0.95025,0.11156,7.16728,0.0,-8.31682
182,0.33507,-253.76422,-2.1147,0.0,0.74827,1.03812,0.94542,0.10811,12.01759,0.0,-8.17375
183,0.3346,-161.41141,-1.3451,0.0,0.34844,1.05345,0.93908,0.11817,9.84479,0.0,-7.99896
184,0.33413,-166.63102,-1.38859,0.0,0.0,1.04504,0.93775,0.12707,0.64561,0.0,-7.82547
185,0.33367,-491.17967,-4.09316,0.0,0.22801,1.09652,0.93,0.14014,6.70611,0.0,-7.8473
186,0.3332,-755.6453,-6.29704,0.0,0.0,1.18947,0.91675,0.1507,0.01438,0.0,-8.00575
187,0.33273,-1036.26472,-8.63554,0.0,0.0,1.31699,0.91483,0.1675,0.0,0.0,-8.27709
188,0.33227,-1154.50014,-9.62083,0.0,0.0,1.39259,0.90967,0.16092,0.0,0.0,-8.5962
189,0.3318,-913.99547,-7.61663,0.0,0.0,1.30238,0.92458,0.15013,0.00815,0.0,-8.8074
190,0.33133,-932.6291,-7.77191,0.0,0.0,1.34211,0.91683,0.13747,5.44032,0.0,-9.01732
191,0.33087,-957.33184,-7.97777,0.0,0.0,1.33315,0.91725,0.15559,0.11748,0.0,-9.25029
192,0.3304,-958.62914,-7.98858,0.0,0.0,1.36169,0.91058,0.14479,0.01064,0.0,-9.45879
193,0.32993,-818.0864,-6.81739,0.0,0.0,1.29651,0.92167,0.14821,0.30095,0.0,-9.60378
194,0.32947,-1278.84197,-10.65702,0.0,0.0,1.52001,0.89583,0.14738,0.0,0.0,-9.88946
195,0.329,-1077.33009,-8.97775,0.0,0.0,1.36678,0.91467,0.15052,0.0,0.0,-10.10385
196,0.32853,-1248.61389,-10.40512,0.0,0.0,1.38213,0.91192,0.15996,0.0,0.0,-10.35317
197,0.32807,-1210.71875,-10.08932,0.0,0.0,1.47468,0.89942,0.1501,0.0,0.0,-10.59271
198,0.3276,-216.4618,-1.80385,0.0,0.0,1.08159,0.93883,0.15643,0.78838,0.0,-10.34482
199,0.32713,-392.14704,-3.26789,0.0,0.0,1.07243,0.93817,0.14861,1.43307,0.0,-10.12055
200,0.32667,-141.65323,-1.18044,0.0,0.0,1.0593,0.93842,0.14121,1.11984,0.0,-9.89741
201,0.3262,-180.73235,-1.5061,0.0,0.0,1.07412,0.942,0.14241,5.05073,0.0,-9.61439
202,0.32573,-638.33522,-5.31946,0.0,0.62599,1.0959,0.94217,0.14561,12.97759,0.0,-9.56343
203,0.32527,-151.9627,-1.26636,0.0,0.0,1.04061,0.9425,0.13014,4.42625,0.0,-9.43187
204,0.3248,-317.63682,-2.64697,0.0,0.0,1.04695,0.945,0.12117,5.64795,0.0,-9.29966
205,0.32433,-119.08086,-0.99234,0.0,0.0,1.03892,0.93892,0.13682,0.3345,0.0,-9.11049
206,0.32387,-235.06624,-1.95889,0.0,0.09132,1.05481,0.93775,0.12556,5.45555,0.0,-8.9533
207,0.3234,-291.96961,-2.43308,0.0,0.79113,1.06921,0.946,0.13647,10.13643,0.0,-8.89906
208,0.32293,-662.19987,-5.51833,0.0,0.91859,1.11372,0.93225,0.14024,10.79442,0.0,-8.96832
209,0.32247,-1051.83361,-8.76528,0.0,0.0,1.31855,0.91108,0.16612,0.00237,0.0,-9.20237
210,0.322,-1050.27204,-8.75227,0.0,0.0,1.38989,0.91367,0.15758,0.0,0.0,-9.44958
211,0.32153,-1245.60627,-10.38005,0.0,0.0,1.38927,0.91192,0.16467,0.0,0.0,-9.77041
212,0.32107,-1175.96621,-9.79972,0.0,0.0,1.44284,0.904,0.1506,0.00156,0.0,-10.03302
213,0.3206,-1305.27301,-10.87728,0.0,0.0,1.41662,0.907,0.16358,0.0,0.0,-10.3324
214,0.32013,-1110.46295,-9.25386,0.0,0.0,1.32502,0.91425,0.15865,0.0,0.0,-10.57421
215,0.31967,-1074.64858,-8.9554,0.0,0.0,1.3851,0.91817,0.15102,0.00204,0.0,-10.78563
216,0.3192,-1139.15747,-9.49298,0.0,0.0,1.41637,0.91183,0.14727,0.00109,0.0,-11.00997
217,0.31873,-849.38289,-7.07819,0.0,0.0,1.21669,0.93575,0.13892,0.79501,0.0,-11.08154
218,0.31827,-1125.76052,-9.38134,0.0,0.0,1.32073,0.91142,0.15484,0.0,0.0,-11.30808
219,0.3178,-1054.95528,-8.79129,0.0,0.0,1.31125,0.91792,0.15261,0.0,0.0,-11.46127
220,0.31733,-1053.13934,-8.77616,0.0,0.0,1.34089,0.91992,0.15362,0.0,0.0,-11.6175
221,0.31687,-722.11063,-6.01759,0.0,0.54051,1.11086,0.93833,0.12482,12.08007,0.0,-11.65278
222,0.3164,-1267.33527,-10.56113,0.0,0.0,1.42361,0.90833,0.16119,0.0,0.0,-11.84745
223,0.31593,-696.98046,-5.80817,0.0,0.0,1.25545,0.92117,0.12981,0.22511,0.0,-11.8656
224,0.31547,-287.66144,-2.39718,0.0,0.0,1.10184,0.9485,0.11478,0.38784,0.0,-11.74885
225,0.315,-754.46265,-6.28719,0.0,0.52778,1.18401,0.9405,0.12321,16.07944,0.0,-11.80849
226,0.31453,-219.902,-1.83252,0.0,0.98137,1.04712,0.94817,0.13293,13.78077,0.0,-11.66649
227,0.31407,-567.75991,-4.73133,0.0,0.0,1.11859,0.94317,0.16071,1.03146,0.0,-11.4201
228,0.3136,-522.78004,-4.3565,0.0,0.7187,1.1377,0.93392,0.15299,11.95423,0.0,-11.2592
229,0.31313,-202.1121,-1.68427,0.0,0.02408,1.01695,0.95342,0.11639,8.25546,0.0,-11.14007
230,0.31267,-224.88397,-1.87403,0.0,0.76245,1.04033,0.95633,0.12323,12.09851,0.0,-10.83544
231,0.3122,-227.26724,-1.89389,0.0,0.36584,1.0287,0.95542,0.12368,14.1238,0.0,-10.62455
232,0.31173,-307.64347,-2.5637,0.0,0.0,1.08968,0.94233,0.12299,2.74741,0.0,-10.30626
233,0.31127,-119.92664,-0.99939,0.0,0.0,1.06095,0.93758,0.13603,1.59207,0.0,-10.0574
234,0.3108,-97.6804,-0.814,0.0,0.0,1.06344,0.93725,0.12519,0.10035,0.0,-9.76964
235,0.31033,-104.52894,-0.87107,0.0,0.0,1.03483,0.94583,0.11934,4.23287,0.0,-9.61924
236,0.30987,-176.59472,-1.47162,0.0,0.2571,1.04611,0.93575,0.1253,8.8629,0.0,-9.46445
237,0.3094,-69.1756,-0.57646,0.0,0.0,1.03205,0.94225,0.12296,1.04373,0.0,-9.29775
238,0.30893,-70.88802,-0.59073,0.0,0.0,1.02156,0.95117,0.10387,0.15568,0.0,-9.14214
239,0.30847,-142.25685,-1.18547,0.0,0.0,1.02518,0.945,0.11702,0.08136,0.0,-9.02828
240,0.308,-114.57286,-0.95477,0.0,0.0,1.02413,0.9435,0.11163,3.39472,0.0,-8.88838
241,0.30753,-134.78533,-1.12321,0.0,0.1425,1.03186,0.9515,0.11775,7.05816,0.0,-8.78419
242,0.30707,-160.87468,-1.34062,0.0,0.0,1.0336,0.94033,0.11889,6.08284,0.0,-8.67836
243,0.3066,-70.95335,-0.59128,0.0,0.0,1.02218,0.9475,0.11245,0.60813,0.0,-8.57721
244,0.30613,-251.54701,-2.09623,0.0,0.34784,1.05146,0.95175,0.12074,8.31183,0.0,-8.58025
245,0.30567,-465.46282,-3.87886,0.0,0.0,1.14687,0.9285,0.14139,2.5114,0.0,-8.64374
246,0.3052,-884.40324,-7.37003,0.0,0.0,1.30601,0.91508,0.14921,0.0458,0.0,-8.87969
247,0.30473,-832.74137,-6.93951,0.0,0.0,1.30327,0.92408,0.13559,3.17929,0.0,-9.07648
248,0.30427,-901.78093,-7.51484,0.0,0.0,1.41479,0.919,0.1558,0.01913,0.0,-9.28106
249,0.3038,-1212.769,-10.10641,0.0,0.0,1.42534,0.91125,0.17122,0.0,0.0,-9.61196
250,0.30333,-1137.45592,-9.4788,0.0,0.0,1.39267,0.91267,0.16105,0.0,0.0,-9.89255
251,0.30287,-1067.7314,-8.89776,0.0,0.0,1.36576,0.91225,0.16133,0.07129,0.0,-10.12719
252,0.3024,-814.24849,-6.7854,0.0,0.02904,1.32951,0.92317,0.15024,6.84338,0.0,-10.29984
253,0.30193,-796.33446,-6.63612,0.0,0.0,1.25569,0.92367,0.1403,6.96501,0.0,-10.45844
254,0.30147,-782.69514,-6.52246,0.0,0.0,1.24599,0.93033,0.14211,2.21626,0.0,-10.58775
255,0.301,-1041.44736,-8.67873,0.0,0.0,1.28835,0.91592,0.15157,0.0,0.0,-10.75246
256,0.30053,-1184.80286,-9.87336,0.0,0.0,1.43529,0.91442,0.15237,0.0,0.0,-10.98052
257,0.30007,-1057.67956,-8.814,0.0,0.0,1.28825,0.9135,0.16136,0.0,0.0,-11.16452
258,0.2996,-725.71784,-6.04765,0.0,0.0,1.25101,0.93483,0.12759,0.96927,0.0,-11.17991
259,0.29913,-970.24292,-8.08536,0.0,0.0,1.3695,0.92292,0.15255,5e-05,0.0,-11.33646
260,0.29867,-289.92564,-2.41605,0.0,0.0,1.07933,0.947,0.14839,3.74075,0.0,-11.2061
261,0.2982,-257.96119,-2.14968,0.0,0.48379,1.07226,0.94767,0.14341,9.49716,0.0,-11.01894
262,0.29773,-340.1069,-2.83422,0.0,0.0,1.09448,0.94433,0.15298,1.75261,0.0,-10.75
263,0.29727,-812.68885,-6.77241,0.0,0.0,1.21526,0.92917,0.16313,2.35829,0.0,-10.81552
264,0.2968,-1095.12007,-9.126,0.0,0.0,1.3774,0.91517,0.15241,0.0,0.0,-11.06198
265,0.29633,-1005.05741,-8.37548,0.0,0.0,1.38742,0.92058,0.14075,0.00775,0.0,-11.26329
266,0.29587,-268.34371,-2.2362,0.0,1.33057,1.05893,0.9515,0.10569,17.40315,0.0,-11.15405
267,0.2954,-211.71268,-1.76427,0.0,0.42114,1.05118,0.95192,0.11828,13.14797,0.0,-10.97596
268,0.29493,-352.44201,-2.93702,0.0,0.95324,1.05551,0.94667,0.11685,12.58033,0.0,-10.75393
269,0.29447,-157.46695,-1.31222,0.0,0.0,1.02984,0.94608,0.12535,3.88797,0.0,-10.52324
270,0.294,-199.75033,-1.66459,0.0,0.0,1.04139,0.94558,0.12484,8.10344,0.0,-10.33314
271,0.29353,-104.46332,-0.87053,0.0,0.0,1.02891,0.93483,0.11807,1.24316,0.0,-10.17046
272,0.29307,-70.64495,-0.58871,0.0,0.0,1.02131,0.93492,0.11079,1.68952,0.0,-9.93977
273,0.2926,-105.74168,-0.88118,0.0,0.0,1.00648,0.93617,0.11867,1.70352,0.0,-9.7013
274,0.29213,-87.84703,-0.73206,0.0,0.0,1.01411,0.93758,0.11203,1.26233,0.0,-9.47316
275,0.29167,-106.17606,-0.8848,0.0,0.0,1.01914,0.93375,0.10962,2.96272,0.0,-9.33601
276,0.2912,-221.62368,-1.84686,0.0,0.57799,1.05478,0.937,0.11922,10.40428,0.0,-9.23408
277,0.29073,-68.58143,-0.57151,0.0,0.0,1.02674,0.93408,0.11862,0.75001,0.0,-9.10262
278,0.29027,-176.40368,-1.47003,0.0,0.0,1.06411,0.92692,0.14016,4.80175,0.0,-8.99647
279,0.2898,-233.22736,-1.94356,0.0,0.0,1.05139,0.92867,0.13157,0.94766,0.0,-8.96781
280,0.28933,-119.30013,-0.99417,0.0,0.0,1.00614,0.93767,0.10986,5.47652,0.0,-8.90435
281,0.28887,-736.37503,-6.13646,0.0,0.0,1.18953,0.91692,0.14427,0.0304,0.0,-9.05506
282,0.2884,-928.43648,-7.73697,0.0,0.0,1.32244,0.91183,0.15946,0.03736,0.0,-9.28985
283,0.28793,-1101.07412,-9.17562,0.0,0.0,1.34638,0.91008,0.15624,0.00113,0.0,-9.58978
284,0.28747,-714.94711,-5.95789,0.0,0.0,1.24339,0.91525,0.13301,0.0,0.0,-9.75178
285,0.287,-850.48221,-7.08735,0.0,0.0,1.34873,0.91792,0.13532,0.18058,0.0,-9.93797
286,0.28653,-105.49343,-0.87911,0.0,0.0,0.99697,0.94817,0.12415,0.13633,0.0,-9.83817
287,0.28607,-309.30291,-2.57752,0.0,1.38106,1.04953,0.95025,0.1203,17.56681,0.0,-9.77352
288,0.2856,-185.54199,-1.54618,0.0,0.0,1.04,0.93758,0.13195,0.61108,0.0,-9.61463
289,0.28513,-145.77822,-1.21482,0.0,0.10392,1.0487,0.94617,0.12382,6.39029,0.0,-9.49416
290,0.28467,-125.11389,-1.04262,0.0,0.0,1.03425,0.93542,0.12217,0.63249,0.0,-9.34694
291,0.2842,-128.94969,-1.07458,0.0,0.0,1.05625,0.93433,0.13203,1.69934,0.0,-9.22619
292,0.28373,-117.36121,-0.97801,0.0,0.0,1.01961,0.9365,0.13407,2.25369,0.0,-9.11476
293,0.28327,-198.63333,-1.65528,0.0,0.0,1.04048,0.94075,0.13167,1.0568,0.0,-9.04915
294,0.2828,-66.45735,-0.55381,0.0,0.0,1.02058,0.93392,0.12243,0.32849,0.0,-8.96987
295,0.28233,-852.04059,-7.10034,0.0,1.09906,1.22859,0.92283,0.15155,14.92102,0.0,-9.17392
296,0.28187,-844.3589,-7.03632,0.0,0.0,1.23095,0.91933,0.15058,0.08181,0.0,-9.40637
297,0.2814,-855.0686,-7.12557,0.0,0.0,1.29057,0.91517,0.15151,0.09208,0.0,-9.6333
298,0.28093,-1219.23303,-10.16028,0.0,0.0,1.37421,0.914,0.16133,0.01114,0.0,-9.97644
299,0.28047,-737.32597,-6.14438,0.0,0.0,1.21469,0.93233,0.14694,0.07831,0.0,-10.10592
300,0.28,-1162.46876,-9.68724,0.0,0.0,1.42943,0.90817,0.16201,0.0,0.0,-10.40823
301,0.27953,-871.32447,-7.26104,0.0,0.0,1.34853,0.93308,0.12792,0.0,0.0,-10.58816
302,0.27907,-1242.86982,-10.35725,0.0,0.0,1.41696,0.90708,0.16106,0.0,0.0,-10.88686
303,0.2786,-1114.03724,-9.28364,0.0,0.0,1.37451,0.91558,0.14918,0.0,0.0,-11.11022
304,0.27813,-861.34771,-7.1779,0.0,0.0,1.25182,0.92983,0.15702,2.7031,0.0,-11.22256
305,0.27767,-885.69348,-7.38078,0.0,0.0,1.30864,0.91392,0.14371,5.925,0.0,-11.41546
306,0.2772,-1088.69305,-9.07244,0.0,0.0,1.36915,0.91625,0.14886,0.02423,0.0,-11.65249
307,0.27673,-465.54698,-3.87956,0.0,0.0,1.09485,0.94292,0.12668,0.0,0.0,-11.57244
308,0.27627,-820.14344,-6.83453,0.0,1.57504,1.12467,0.93667,0.12361,14.2448,0.0,-11.60484
309,0.2758,-779.70158,-6.49751,0.0,0.0,1.38836,0.90633,0.1227,0.02023,0.0,-11.70214
310,0.27533,-884.43092,-7.37026,0.0,0.37683,1.2653,0.92217,0.14816,7.83301,0.0,-11.81599
311,0.27487,-952.02732,-7.93356,0.0,0.0,1.29145,0.92733,0.14407,0.21866,0.0,-11.96618
312,0.2744,-905.54625,-7.54622,0.0,0.0,1.32343,0.926,0.14144,2.68814,0.0,-12.08209
313,0.27393,-855.70075,-7.13084,0.0,0.0,1.25876,0.92917,0.13347,0.01229,0.0,-12.19724
314,0.27347,-1148.69002,-9.57242,0.0,0.0,1.41575,0.91258,0.14748,0.0,0.0,-12.37605
315,0.273,-865.83146,-7.21526,0.0,0.0,1.35866,0.89783,0.1433,0.0,0.0,-12.49236
316,0.27253,-770.57557,-6.42146,0.0,0.31862,1.216,0.94408,0.13331,8.34921,0.0,-12.53934
317,0.27207,-758.37175,-6.31976,0.0,0.0,1.24623,0.94767,0.12389,4.74505,0.0,-12.60913
318,0.2716,-285.13938,-2.37616,0.0,1.71265,1.05114,0.95392,0.12374,17.23821,0.0,-12.57019
319,0.27113,-565.39907,-4.71166,0.0,0.27353,1.06015,0.9485,0.11012,11.57012,0.0,-12.49883
320,0.27067,-864.85727,-7.20714,0.0,0.41882,1.13216,0.93042,0.145,11.41932,0.0,-12.55026
321,0.2702,-938.99284,-7.82494,0.0,0.0,1.31196,0.89608,0.14429,0.02493,0.0,-12.70475
322,0.26973,-264.77168,-2.20643,0.0,0.10583,1.06916,0.941,0.12963,9.31302,0.0,-12.54281
323,0.26927,-230.4732,-1.92061,0.0,0.02429,1.03525,0.94658,0.13066,7.28042,0.0,-12.31518
324,0.2688,-184.96681,-1.54139,0.0,0.0,1.01955,0.95383,0.10938,5.61084,0.0,-12.11004
325,0.26833,-225.42313,-1.87853,0.0,0.29823,1.04848,0.948,0.12159,13.36045,0.0,-11.94971
326,0.26787,-280.42583,-2.33688,0.0,1.50235,1.06088,0.94983,0.12806,19.30276,0.0,-11.87185
327,0.2674,-252.23705,-2.10198,0.0,0.36885,1.06414,0.94117,0.12471,9.19986,0.0,-11.63705
328,0.26693,-168.49604,-1.40413,0.0,0.29632,1.05913,0.94675,0.13359,10.24351,0.0,-11.44653
329,0.26647,-173.30474,-1.44421,0.0,0.02206,1.04903,0.95492,0.11761,9.83421,0.0,-11.20607
330,0.266,-160.19153,-1.33493,0.0,0.0,1.05897,0.95233,0.12361,3.33091,0.0,-11.04049
331,0.26553,-168.05533,-1.40046,0.0,0.04964,1.02126,0.95642,0.11439,9.30915,0.0,-10.8573
332,0.26507,-72.92736,-0.60773,0.0,0.0,1.02978,0.94392,0.1249,0.10266,0.0,-10.65735
333,0.2646,-118.80418,-0.99003,0.0,0.0,1.03151,0.94217,0.12471,1.63495,0.0,-10.50322
334,0.26413,-281.28614,-2.34405,0.0,0.14334,1.04851,0.93917,0.13117,6.84856,0.0,-10.4163
335,0.26367,-95.03583,-0.79197,0.0,0.0,1.03652,0.94233,0.13551,1.11078,0.0,-10.31021
336,0.2632,-135.08688,-1.12572,0.0,0.00841,1.01462,0.93675,0.12944,5.64782,0.0,-10.23869
337,0.26273,-78.98231,-0.65819,0.0,0.0,1.03649,0.93942,0.11182,2.08561,0.0,-10.11663
338,0.26227,-65.48371,-0.5457,0.0,0.0,1.03059,0.94017,0.11477,1.71582,0.0,-10.02836
339,0.2618,-147.30285,-1.22752,0.0,0.0,1.05393,0.93892,0.13043,0.29061,0.0,-9.91002
340,0.26133,-526.51335,-4.38761,0.0,0.0,1.17378,0.91325,0.15843,0.49045,0.0,-9.97759
341,0.26087,-723.02402,-6.0252,0.0,0.0,1.24071,0.9285,0.13209,0.09089,0.0,-10.15123
342,0.2604,-1075.5382,-8.96282,0.0,0.0,1.36889,0.9055,0.15965,0.01945,0.0,-10.45353
343,0.25993,-501.88623,-4.18239,0.0,0.0,1.18366,0.93358,0.12537,0.11392,0.0,-10.52117
344,0.25947,-889.78832,-7.4149,0.0,0.0,1.28136,0.91608,0.14707,0.00163,0.0,-10.75123
345,0.259,-159.76998,-1.33142,0.0,0.0,1.02959,0.93742,0.11528,0.5441,0.0,-10.67093
346,0.25853,-117.53663,-0.97947,0.0,0.0,1.01624,0.94483,0.11423,4.47554,0.0,-10.50713
347,0.25807,-109.51631,-0.91264,0.0,0.0,1.04373,0.93917,0.1132,1.67319,0.0,-10.33752
348,0.2576,-158.10258,-1.31752,0.0,0.19912,1.0378,0.938,0.11366,7.13819,0.0,-10.21877
349,0.25713,-69.32862,-0.57774,0.0,0.0,1.01016,0.939,0.1187,0.32273,0.0,-10.05665
350,0.25667,-627.39309,-5.22828,0.0,0.0,1.18021,0.93092,0.14527,1.19756,0.0,-10.0971
351,0.2562,-954.38276,-7.95319,0.0,0.0,1.19372,0.91725,0.15284,0.0,0.0,-10.33975
352,0.25573,-1052.81686,-8.77347,0.0,0.0,1.36869,0.90583,0.15714,0.0,0.0,-10.62661
353,0.25527,-905.52275,-7.54602,0.0,0.0,1.31106,0.90867,0.14518,0.0,0.0,-10.83047
354,0.2548,-1111.64786,-9.26373,0.0,0.0,1.34915,0.91058,0.1614,0.0,0.0,-11.1026
355,0.25433,-1133.10697,-9.44256,0.0,0.0,1.39509,0.91692,0.1537,0.0,0.0,-11.38076
356,0.25387,-1152.43667,-9.60364,0.0,0.0,1.44069,0.90867,0.15249,0.00853,0.0,-11.6537
357,0.2534,-338.36074,-2.81967,0.0,0.0,1.09338,0.94742,0.10383,0.11543,0.0,-11.55856
358,0.25293,-797.91818,-6.64932,0.0,0.17987,1.15217,0.94825,0.12068,6.28276,0.0,-11.62944
359,0.25247,-211.0044,-1.75837,0.0,0.65546,1.07944,0.94583,0.12998,13.16305,0.0,-11.49212
360,0.252,-148.2186,-1.23516,0.0,0.0,1.03078,0.94608,0.11656,4.50839,0.0,-11.30997
361,0.25153,-136.95608,-1.1413,0.0,0.0,1.04628,0.939,0.13848,3.69492,0.0,-11.00576
362,0.25107,-107.62499,-0.89687,0.0,0.0,1.04804,0.93983,0.14717,2.96822,0.0,-10.73288
363,0.2506,-162.88889,-1.35741,0.0,0.0,1.05058,0.94925,0.12987,8.17549,0.0,-10.57601
364,0.25013,-279.16753,-2.3264,0.0,0.0,1.07064,0.94608,0.13793,1.74981,0.0,-10.50079
365,0.24967,-970.52215,-8.08768,0.0,0.0,1.22019,0.91925,0.15642,0.01219,0.0,-10.7115
366,0.2492,-647.97062,-5.39976,0.0,0.0,1.20655,0.925,0.13637,0.6036,0.0,-10.83073
367,0.24873,-1294.99339,-10.79161,0.0,0.0,1.43146,0.91375,0.16192,0.0,0.0,-11.17678
368,0.24827,-790.0142,-6.58345,0.0,0.0,1.2365,0.92983,0.14294,3.02485,0.0,-11.36215
369,0.2478,-1153.90456,-9.61587,0.0,0.0,1.40206,0.91067,0.15725,0.16147,0.0,-11.6422
370,0.24733,-384.04169,-3.20035,0.0,0.0,1.04732,0.93767,0.122,0.0676,0.0,-11.62784
371,0.24687,-291.94684,-2.43289,0.0,0.02139,1.06789,0.94983,0.10931,10.10565,0.0,-11.48881
372,0.2464,-147.48441,-1.22904,0.0,0.28067,1.06106,0.94417,0.12433,8.21055,0.0,-11.33395
373,0.24593,-111.72758,-0.93106,0.0,0.0,1.02932,0.948,0.10424,3.64419,0.0,-11.13388
374,0.24547,-99.87112,-0.83226,0.0,0.0,1.00896,0.93333,0.1164,0.47787,0.0,-10.92371
375,0.245,-70.22729,-0.58523,0.0,0.0,1.01032,0.94375,0.11027,1.2771,0.0,-10.77725
376,0.24453,-83.37089,-0.69476,0.0,0.0,1.02204,0.93825,0.11595,0.89205,0.0,-10.62674
377,0.24407,-149.07068,-1.24226,0.0,0.02182,1.03271,0.94933,0.11942,5.93994,0.0,-10.44894
378,0.2436,-92.34376,-0.76953,0.0,0.0,1.0384,0.94575,0.10004,2.26585,0.0,-10.29316
379,0.24313,-66.46661,-0.55389,0.0,0.0,1.03594,0.93775,0.11989,0.4651,0.0,-10.15733
380,0.24267,-92.22012,-0.7685,0.0,0.0,1.02846,0.93925,0.11914,2.08405,0.0,-10.01468
381,0.2422,-429.29911,-3.57749,0.0,1.00778,1.06918,0.94383,0.12541,9.4606,0.0,-10.028
382,0.24173,-345.26846,-2.87724,0.0,0.0,1.08753,0.94708,0.12396,0.34228,0.0,-10.04411
383,0.24127,-1020.34417,-8.50287,0.0,0.0,1.28664,0.91992,0.15168,1.1757,0.0,-10.33242
384,0.2408,-1280.585,-10.67154,0.0,0.0,1.42654,0.90792,0.1639,0.0,0.0,-10.70486
385,0.24033,-1122.10948,-9.35091,0.0,0.0,1.32444,0.90992,0.15914,0.01028,0.0,-11.00991
386,0.23987,-163.79321,-1.36494,0.0,0.0,1.06407,0.94733,0.13356,0.05451,0.0,-10.92491
387,0.2394,-850.47263,-7.08727,0.0,0.0,1.26601,0.91242,0.14582,0.17825,0.0,-11.09321
388,0.23893,-1083.06808,-9.02557,0.0,0.0,1.28978,0.914,0.15754,0.0,0.0,-11.3721
389,0.23847,-1205.57412,-10.04645,0.0,0.0,1.38424,0.91325,0.15404,0.0,0.0,-11.67152
390,0.238,-343.50214,-2.86252,0.0,0.78147,1.05161,0.95617,0.1074,10.9564,0.0,-11.60465
391,0.23753,-323.12824,-2.69274,0.0,0.0,1.06967,0.9485,0.13442,6.87892,0.0,-11.52863
392,0.23707,-851.81029,-7.09842,0.0,0.0,1.22042,0.93,0.14176,5.76819,0.0,-11.6703
393,0.2366,-918.42241,-7.65352,0.0,0.0,1.29264,0.924,0.14269,0.0696,0.0,-11.84756
394,0.23613,-976.25442,-8.13545,0.0,0.98521,1.29543,0.92233,0.15286,13.97074,0.0,-12.04576
395,0.23567,-953.26252,-7.94385,0.0,0.0,1.29852,0.91642,0.15187,0.00017,0.0,-12.23486
396,0.2352,-854.38315,-7.11986,0.0,0.0,1.28145,0.93575,0.12909,1.13185,0.0,-12.36297
397,0.23473,-393.47278,-3.27894,0.0,0.0,1.07145,0.95075,0.12976,1.52916,0.0,-12.25987
398,0.23427,-216.29739,-1.80248,0.0,0.26602,1.04509,0.95133,0.11051,13.19734,0.0,-12.10996
399,0.2338,-155.33706,-1.29448,0.0,0.04787,1.04827,0.95558,0.11608,8.35664,0.0,-11.95992
400,0.23333,-240.94726,-2.00789,0.0,0.16838,1.03471,0.95192,0.10057,12.4148,0.0,-11.80164
401,0.23287,-139.89553,-1.1658,0.0,0.0,1.024,0.94567,0.09595,1.08864,0.0,-11.68604
402,0.2324,-141.03975,-1.17533,0.0,0.37303,1.0461,0.94683,0.12367,6.95337,0.0,-11.50645
403,0.23193,-94.65283,-0.78877,0.0,0.0,1.01893,0.94883,0.11148,0.54804,0.0,-11.21982
404,0.23147,-145.89218,-1.21577,0.0,0.0,1.05235,0.94175,0.11581,4.68944,0.0,-11.03873
405,0.231,-103.94562,-0.86621,0.0,0.0,1.05841,0.94658,0.11294,0.93558,0.0,-10.8842
406,0.23053,-96.48032,-0.804,0.0,0.0,1.0115,0.94508,0.1034,1.55913,0.0,-10.76052
407,0.23007,-53.68356,-0.44736,0.0,0.0,1.01464,0.95267,0.10641,0.48351,0.0,-10.64812
408,0.2296,-63.69188,-0.53077,0.0,0.0,1.01449,0.94775,0.11354,0.46795,0.0,-10.52085
409,0.22913,-59.90833,-0.49924,0.0,0.0,1.01226,0.94425,0.09842,0.40363,0.0,-10.4162
410,0.22867,-142.65827,-1.18882,0.0,0.0,1.044,0.942,0.11573,1.17025,0.0,-10.34591
411,0.2282,-131.66451,-1.0972,0.0,0.0,1.01202,0.95483,0.10624,7.20239,0.0,-10.29941
412,0.22773,-106.37363,-0.88645,0.0,0.0,1.02567,0.94333,0.10028,2.56202,0.0,-10.22404
413,0.22727,-90.8729,-0.75727,0.0,0.0,1.02346,0.94025,0.10938,3.77544,0.0,-10.14293
414,0.2268,-105.01669,-0.87514,0.0,0.0,1.03396,0.94067,0.12134,3.76164,0.0,-10.06589
415,0.22633,-100.52954,-0.83775,0.0,0.0,1.01811,0.94558,0.10549,4.5044,0.0,-10.02189
416,0.22587,-110.80136,-0.92334,0.0,0.0,1.01222,0.94783,0.11042,3.19129,0.0,-9.96388
417,0.2254,-77.336,-0.64447,0.0,0.0,1.02498,0.94333,0.10777,2.38643,0.0,-9.88772
418,0.22493,-358.77925,-2.98983,0.0,0.0018,1.08484,0.94308,0.12363,8.85252,0.0,-9.94059
419,0.22447,-630.4935,-5.25411,0.0,0.0,1.22356,0.92608,0.12995,2.23466,0.0,-10.10568
420,0.224,-1031.51886,-8.59599,0.0,0.0,1.3348,0.92225,0.15501,0.0,0.0,-10.40802
421,0.22353,-1022.74099,-8.52284,0.0,0.0,1.3829,0.91308,0.16373,0.0288,0.0,-10.69836
422,0.22307,-1301.52724,-10.84606,0.0,0.0,1.46875,0.89933,0.16234,0.00282,0.0,-11.07701
423,0.2226,-827.30459,-6.8942,0.0,0.0,1.25637,0.92583,0.13521,0.01509,0.0,-11.23348
424,0.22213,-1089.82241,-9.08185,0.0,0.0,1.3448,0.91367,0.15241,0.0,0.0,-11.50128
425,0.22167,-846.14741,-7.05123,0.0,0.0,1.32265,0.90975,0.13384,0.0,0.0,-11.67781
426,0.2212,-1300.86779,-10.84056,0.0,0.0,1.44583,0.90683,0.16105,0.0,0.0,-11.99364
427,0.22073,-858.87204,-7.15727,0.0,0.0,1.26579,0.90925,0.14223,0.09656,0.0,-12.18784
428,0.22027,-485.07346,-4.04228,0.0,0.74053,1.10578,0.95317,0.11929,11.31237,0.0,-12.17257
429,0.2198,-809.79888,-6.74832,0.0,0.32487,1.21701,0.93292,0.13963,9.28311,0.0,-12.30312
430,0.21933,-920.3375,-7.66948,0.0,0.0,1.38208,0.92033,0.13218,0.01183,0.0,-12.46671
431,0.21887,-1057.41552,-8.8118,0.0,0.0,1.37507,0.91383,0.15914,0.0,0.0,-12.68239
432,0.2184,-1211.40116,-10.09501,0.0,0.0,1.38786,0.91175,0.16113,0.00928,0.0,-12.93752
433,0.21793,-804.19842,-6.70165,0.0,0.73371,1.27681,0.9185,0.14136,13.80609,0.0,-13.09491
434,0.21747,-1049.70658,-8.74755,0.0,0.0,1.39149,0.91533,0.1293,0.05245,0.0,-13.27521
435,0.217,-1144.95275,-9.54127,0.0,0.0,1.42345,0.89558,0.15043,0.0,0.0,-13.49918
436,0.21653,-774.30942,-6.45258,0.0,0.0,1.29084,0.90692,0.1497,1.91559,0.0,-13.61067
437,0.21607,-1121.65534,-9.34713,0.0,0.0,1.30306,0.92275,0.14001,0.03239,0.0,-13.82927
438,0.2156,-469.63787,-3.91365,0.0,0.0,1.1397,0.94158,0.09241,0.08319,0.0,-13.76727
439,0.21513,-419.78499,-3.49821,0.0,0.0,1.08391,0.94467,0.1054,5.79506,0.0,-13.57773
440,0.21467,-284.95965,-2.37466,0.0,0.64541,1.06313,0.9395,0.10621,8.29169,0.0,-13.50974
441,0.2142,-202.10695,-1.68422,0.0,0.0,1.09368,0.951,0.10407,0.69702,0.0,-13.20205
442,0.21373,-560.73564,-4.6728,0.0,0.08557,1.10954,0.95817,0.0878,9.92755,0.0,-13.08657
443,0.21327,-312.51133,-2.60426,0.0,0.0,1.07085,0.94567,0.10027,0.09641,0.0,-12.9239
444,0.2128,-621.27662,-5.17731,0.0,0.14085,1.14041,0.94775,0.10127,12.23629,0.0,-12.98763
445,0.21233,-778.21111,-6.48509,0.0,0.20551,1.16445,0.92958,0.13336,6.56797,0.0,-13.12323
446,0.21187,-354.37019,-2.95308,0.0,0.22938,1.04125,0.94625,0.129,10.00467,0.0,-13.03469
447,0.2114,-200.17242,-1.6681,0.0,0.45631,1.03487,0.9535,0.11502,10.94094,0.0,-12.84907
448,0.21093,-65.90179,-0.54918,0.0,0.0,1.02354,0.9325,0.11473,1.22413,0.0,-12.60955
449,0.21047,-80.11793,-0.66765,0.0,0.0,1.02572,0.931,0.10136,2.6664,0.0,-12.42387
450,0.21,-63.72999,-0.53108,0.0,0.0,0.99397,0.94233,0.10186,2.05373,0.0,-12.18551
451,0.20953,-107.0715,-0.89226,0.0,0.0,1.00756,0.92967,0.11202,4.6637,0.0,-11.90844
452,0.20907,-102.61967,-0.85516,0.0,0.0,1.02664,0.93583,0.10083,1.85796,0.0,-11.74286
453,0.2086,-116.13034,-0.96775,0.0,0.0,1.03853,0.92967,0.12029,1.42634,0.0,-11.59942
454,0.20813,-105.8952,-0.88246,0.0,0.0,1.01446,0.93908,0.10241,1.43572,0.0,-11.46872
455,0.20767,-152.89055,-1.27409,0.0,0.0,0.9983,0.94508,0.10239,0.2065,0.0,-11.36098
456,0.2072,-150.34544,-1.25288,0.0,0.35244,1.01915,0.94125,0.10177,6.90102,0.0,-11.2283
457,0.20673,-81.63931,-0.68033,0.0,0.0,1.02734,0.933,0.11873,2.70184,0.0,-11.0974
458,0.20627,-111.46159,-0.92885,0.0,0.0,1.03371,0.93058,0.10966,2.09357,0.0,-11.00871
459,0.2058,-108.04639,-0.90039,0.0,0.0,1.02276,0.92758,0.12842,3.29589,0.0,-10.91825
460,0.20533,-65.39068,-0.54492,0.0,0.0,1.01519,0.9325,0.10737,0.95913,0.0,-10.87363
461,0.20487,-141.24857,-1.17707,0.0,0.08981,1.03692,0.93433,0.11734,6.72398,0.0,-10.82174
462,0.2044,-50.76956,-0.42308,0.0,0.0,1.02855,0.94083,0.1049,0.14351,0.0,-10.74775
463,0.20393,-69.08236,-0.57569,0.0,0.0,1.00574,0.94033,0.11182,0.90452,0.0,-10.65705
464,0.20347,-62.71026,-0.52259,0.0,0.0,1.00644,0.92842,0.11469,0.47491,0.0,-10.58071
465,0.203,-55.72678,-0.46439,0.0,0.0,1.02196,0.932,0.11526,0.74301,0.0,-10.51908
466,0.20253,-204.72908,-1.70608,0.0,0.35535,1.04253,0.93075,0.12037,10.14536,0.0,-10.50112
467,0.20207,-81.07478,-0.67562,0.0,0.0,1.05329,0.94333,0.11238,0.79886,0.0,-10.46267
468,0.2016,-121.46726,-1.01223,0.0,0.0,1.03998,0.94483,0.10215,2.73207,0.0,-10.41604
469,0.20113,-617.60771,-5.14673,0.0,0.0,1.23819,0.92008,0.13619,1.67246,0.0,-10.56889
470,0.20067,-977.80083,-8.14834,0.0,0.0,1.27692,0.91725,0.14812,0.0,0.0,-10.85229
471,0.2002,-964.04706,-8.03373,0.0,0.0,1.28535,0.915,0.14912,0.0,0.0,-11.1218
472,0.19973,-1002.78772,-8.35656,0.0,0.0,1.33654,0.91308,0.15033,0.0,0.0,-11.38787
473,0.19927,-1142.36257,-9.51969,0.0,0.0,1.35537,0.91792,0.16122,2e-05,0.0,-11.7072
474,0.1988,-78.14258,-0.65119,0.0,0.0,1.04748,0.94008,0.11937,0.43855,0.0,-11.61978
475,0.19833,-165.84781,-1.38207,0.0,0.28257,1.03962,0.93975,0.12062,9.05714,0.0,-11.51067
476,0.19787,-112.75866,-0.93966,0.0,0.0,1.05095,0.94267,0.12165,0.73766,0.0,-11.36718
477,0.1974,-216.38649,-1.80322,0.0,0.0,1.05754,0.94483,0.13189,2.4405,0.0,-11.23931
478,0.19693,-171.61269,-1.43011,0.0,0.0,1.03704,0.947,0.12531,7.97486,0.0,-11.15312
479,0.19647,-116.84185,-0.97368,0.0,0.0,1.05076,0.94175,0.12934,0.18887,0.0,-11.00448
480,0.196,-66.69603,-0.5558,0.0,0.0,1.04163,0.94392,0.12384,1.04484,0.0,-10.90189
481,0.19553,-97.79079,-0.81492,0.0,0.0,1.04996,0.95017,0.11421,1.06333,0.0,-10.8049
482,0.19507,-73.27672,-0.61064,0.0,0.0,1.03523,0.95292,0.10816,2.0712,0.0,-10.68368
483,0.1946,-115.17603,-0.9598,0.0,0.0,1.03789,0.94692,0.12223,2.59801,0.0,-10.5739
484,0.19413,-89.77748,-0.74815,0.0,0.0,1.04258,0.94558,0.11702,2.00408,0.0,-10.49776
485,0.19367,-42.42393,-0.35353,0.0,0.0,1.04377,0.94442,0.13098,0.15332,0.0,-10.40573
486,0.1932,-65.91429,-0.54929,0.0,0.0,1.02569,0.95025,0.10581,1.69439,0.0,-10.32414
487,0.19273,-86.23977,-0.71866,0.0,0.0,1.02693,0.95275,0.11743,0.24224,0.0,-10.28357
488,0.19227,-43.49306,-0.36244,0.0,0.0,1.02934,0.95183,0.10761,0.04816,0.0,-10.22839
489,0.1918,-604.90885,-5.04091,0.0,0.0,1.21915,0.93458,0.13709,0.42459,0.0,-10.38419
490,0.19133,-1296.37344,-10.80311,0.0,0.0,1.45309,0.907,0.15993,0.0,0.0,-10.79587
491,0.19087,-959.12436,-7.9927,0.0,0.0,1.30498,0.91025,0.16144,0.00021,0.0,-11.05947
492,0.1904,-1207.37063,-10.06142,0.0,0.0,1.42115,0.90167,0.1652,0.01712,0.0,-11.41283
493,0.18993,-386.85667,-3.22381,0.0,0.0,1.08334,0.94533,0.11931,0.0,0.0,-11.41684
494,0.18947,-182.40502,-1.52004,0.0,0.07909,1.03033,0.94792,0.12753,7.91392,0.0,-11.25505
495,0.189,-46.92539,-0.39104,0.0,0.0,1.03177,0.95508,0.10841,0.06123,0.0,-11.08733
496,0.18853,-100.22878,-0.83524,0.0,0.0,1.03756,0.94892,0.11791,1.43321,0.0,-10.97119
497,0.18807,-62.02926,-0.51691,0.0,0.0,1.03448,0.94633,0.1093,1.47803,0.0,-10.86259
498,0.1876,-126.51449,-1.05429,0.0,0.0,1.02598,0.95392,0.11073,0.03468,0.0,-10.79346
499,0.18713,-67.68957,-0.56408,0.0,0.0,1.01802,0.95225,0.1127,2.01198,0.0,-10.70462
500,0.18667,-158.30096,-1.31917,0.0,0.0,1.03515,0.94958,0.12212,7.37311,0.0,-10.61286
501,0.1862,-219.82402,-1.83187,0.0,0.21165,1.05226,0.95042,0.09933,8.67757,0.0,-10.56776
502,0.18573,-180.58044,-1.50484,0.0,0.0,1.07614,0.938,0.13151,0.97486,0.0,-10.51443
503,0.18527,-105.43541,-0.87863,0.0,0.0,1.05218,0.94442,0.121,1.10006,0.0,-10.45917
504,0.1848,-92.45272,-0.77044,0.0,0.0,1.02681,0.94517,0.11657,1.57781,0.0,-10.41841
505,0.18433,-96.76219,-0.80635,0.0,0.0,1.03986,0.93967,0.12039,1.72341,0.0,-10.37915
506,0.18387,-147.35988,-1.228,0.0,0.0,1.04391,0.93833,0.11072,1.27242,0.0,-10.34052
507,0.1834,-744.03807,-6.20032,0.0,0.0,1.23016,0.92308,0.14519,4.08961,0.0,-10.52674
508,0.18293,-851.62678,-7.09689,0.0,0.0,1.3023,0.91442,0.14271,1.42651,0.0,-10.74862
509,0.18247,-1200.15061,-10.00126,0.0,0.0,1.4302,0.91225,0.15384,0.05875,0.0,-11.10564
510,0.182,-1230.38156,-10.25318,0.0,0.0,1.40313,0.913,0.16585,0.05415,0.0,-11.46181
511,0.18153,-1136.44888,-9.47041,0.0,0.0,1.38876,0.90825,0.1556,0.0,0.0,-11.74604
512,0.18107,-1275.72587,-10.63105,0.0,0.0,1.41181,0.90967,0.16817,0.0,0.0,-12.06046
513,0.1806,-1188.73507,-9.90613,0.0,0.0,1.39948,0.90658,0.15821,0.00017,0.0,-12.35136
514,0.18013,-735.47713,-6.12898,0.0,0.0,1.212,0.92375,0.12315,0.0,0.0,-12.50171
515,0.17967,-214.22458,-1.7852,0.0,0.85426,1.08149,0.95608,0.1108,12.73068,0.0,-12.43857
516,0.1792,-139.47289,-1.16227,0.0,0.0,1.03159,0.951,0.11429,6.10434,0.0,-12.34976
517,0.17873,-198.119,-1.65099,0.0,0.46221,1.05466,0.94258,0.12521,11.48254,0.0,-12.12011
518,0.17827,-55.42384,-0.46187,0.0,0.0,1.01922,0.95517,0.11817,0.28452,0.0,-11.90471
519,0.1778,-72.46063,-0.60384,0.0,0.0,1.03836,0.948,0.11854,1.75689,0.0,-11.7456
520,0.17733,-162.51699,-1.35431,0.0,0.11819,1.0475,0.9515,0.12209,7.60747,0.0,-11.67973
521,0.17687,-108.31112,-0.90259,0.0,0.0,1.03712,0.9475,0.11834,3.09215,0.0,-11.50237
522,0.1764,-161.92713,-1.34939,0.0,0.0,1.05852,0.95242,0.11903,4.13876,0.0,-11.38457
523,0.17593,-104.31309,-0.86928,0.0,0.0,1.02823,0.95342,0.12421,1.4803,0.0,-11.19844
524,0.17547,-174.45805,-1.45382,0.0,0.0,1.05342,0.94225,0.12834,4.62574,0.0,-11.08628
525,0.175,-114.80116,-0.95668,0.0,0.0225,1.04943,0.94258,0.14152,5.40979,0.0,-10.96693
526,0.17453,-57.81036,-0.48175,0.0,0.0,1.02721,0.944,0.1239,0.93986,0.0,-10.85531
527,0.17407,-53.77319,-0.44811,0.0,0.0,1.02665,0.95117,0.10478,0.06538,0.0,-10.76107
528,0.1736,-92.31494,-0.76929,0.0,0.0,1.02043,0.95483,0.09348,0.92702,0.0,-10.6972
529,0.17313,-123.66929,-1.03058,0.0,0.0,1.02439,0.94592,0.12164,0.44177,0.0,-10.58779
530,0.17267,-58.81584,-0.49013,0.0,0.0,1.0468,0.94233,0.12906,0.23844,0.0,-10.47919
531,0.1722,-102.4076,-0.8534,0.0,0.0,1.03968,0.9435,0.12731,2.06581,0.0,-10.38695
532,0.17173,-85.84428,-0.71537,0.0,0.0,1.04513,0.95133,0.12723,1.39303,0.0,-10.33515
533,0.17127,-72.64852,-0.6054,0.0,0.0,1.02652,0.94467,0.1071,0.14167,0.0,-10.27028
534,0.1708,-86.66095,-0.72217,0.0,0.0,1.02244,0.95325,0.11354,0.14725,0.0,-10.20754
535,0.17033,-82.25208,-0.68543,0.0,0.0,1.03475,0.94642,0.11788,0.2001,0.0,-10.1529
536,0.16987,-114.87457,-0.95729,0.0,0.0,1.0302,0.95342,0.104,2.91083,0.0,-10.09235
537,0.1694,-60.2357,-0.50196,0.0,0.0,1.02682,0.949,0.12362,0.10125,0.0,-10.01096
538,0.16893,-45.87172,-0.38226,0.0,0.0,1.04101,0.94792,0.11831,0.34963,0.0,-9.94048
539,0.16847,-64.64762,-0.53873,0.0,0.0,1.02415,0.954,0.10504,1.33801,0.0,-9.88987
540,0.168,-152.71792,-1.27265,0.0,0.27541,1.05849,0.94242,0.12396,7.0298,0.0,-9.84751
541,0.16753,-67.82485,-0.56521,0.0,0.0,1.0252,0.94408,0.10972,0.57099,0.0,-9.79023
542,0.16707,-319.20987,-2.66008,0.0,0.0,1.08312,0.93142,0.11859,2.03856,0.0,-9.85167
543,0.1666,-991.80576,-8.26505,0.0,0.0,1.28159,0.91475,0.15222,0.0,0.0,-10.15884
544,0.16613,-1222.58519,-10.18821,0.0,0.0,1.3941,0.90758,0.16318,0.0,0.0,-10.53408
545,0.16567,-1057.77509,-8.81479,0.0,0.0,1.36033,0.90908,0.15561,0.0,0.0,-10.8369
546,0.1652,-1199.56867,-9.99641,0.0,0.0,1.41662,0.91075,0.15696,0.09059,0.0,-11.17005
547,0.16473,-1111.43063,-9.26192,0.0,0.0,1.41975,0.91308,0.15624,0.0,0.0,-11.46543
548,0.16427,-1277.32696,-10.64439,0.0,0.0,1.42176,0.90667,0.16583,0.0,0.0,-11.77638
549,0.1638,-1126.39501,-9.38663,0.0,0.0,1.37815,0.91725,0.14691,0.0,0.0,-12.03793
550,0.16333,-620.94837,-5.17457,0.0,0.0,1.17605,0.9315,0.11289,0.0,0.0,-12.14853
551,0.16287,-816.71967,-6.806,0.0,0.0,1.32568,0.92583,0.13087,0.39869,0.0,-12.2976
552,0.1624,-1106.40202,-9.22002,0.0,0.0,1.341,0.90842,0.15392,0.01571,0.0,-12.53873
553,0.16193,-864.97201,-7.2081,0.0,0.06958,1.31785,0.93117,0.11887,6.68764,0.0,-12.6876
554,0.16147,-788.53692,-6.57114,0.0,0.0,1.24128,0.91983,0.13952,8.81761,0.0,-12.85346
555,0.161,-1332.98928,-11.10824,0.0,0.0,1.40401,0.90583,0.16088,0.0,0.0,-13.11267
556,0.16053,-374.00518,-3.11671,0.0,0.90267,1.05116,0.95225,0.10074,13.08258,0.0,-13.05157
557,0.16007,-630.89869,-5.25749,0.0,0.25008,1.08629,0.95492,0.12694,8.98743,0.0,-12.97207
558,0.1596,-201.46196,-1.67885,0.0,0.0,1.05574,0.96217,0.1202,8.46504,0.0,-12.90841
559,0.15913,-414.80876,-3.45674,0.0,0.56728,1.06752,0.95783,0.11261,12.20628,0.0,-12.88711
560,0.15867,-735.60765,-6.13006,0.0,0.0,1.14908,0.94367,0.15965,0.35974,0.0,-12.9595
561,0.1582,-163.58022,-1.36317,0.0,0.11024,1.04531,0.95392,0.12371,8.75407,0.0,-12.83962
562,0.15773,-194.71467,-1.62262,0.0,0.06556,1.08675,0.95308,0.12647,10.72701,0.0,-12.73493
563,0.15727,-343.95036,-2.86625,0.0,0.0,1.04273,0.95817,0.1191,2.8661,0.0,-12.54067
564,0.1568,-460.57319,-3.83811,0.0,1.4879,1.08824,0.94683,0.11465,15.70344,0.0,-12.4696
565,0.15633,-236.78066,-1.97317,0.0,0.0,1.03335,0.95408,0.11878,0.64826,0.0,-12.39219
566,0.15587,-750.61151,-6.2551,0.0,0.0,1.19902,0.94,0.13625,4.85018,0.0,-12.52907
567,0.1554,-930.23054,-7.75192,0.0,0.0,1.28617,0.924,0.14237,1.94496,0.0,-12.73891
568,0.15493,-1071.8087,-8.93174,0.0,0.0,1.46302,0.90575,0.14052,5.55722,0.0,-12.96451
569,0.15447,-911.76671,-7.59806,0.0,0.05355,1.32179,0.93008,0.12857,9.12119,0.0,-13.17048
570,0.154,-1248.77857,-10.40649,0.0,0.0,1.44171,0.90267,0.1634,0.00299,0.0,-13.45535
571,0.15353,-275.51641,-2.29597,0.0,0.0,1.07408,0.94617,0.11838,1.30456,0.0,-13.39223
572,0.15307,-223.96962,-1.86641,0.0,0.3517,1.03898,0.95767,0.10642,10.24566,0.0,-13.35849
573,0.1526,-258.20905,-2.15174,0.0,0.68072,1.03345,0.96425,0.08261,15.19571,0.0,-13.35402
574,0.15213,-301.32355,-2.51103,0.0,0.51203,1.03,0.95458,0.09797,16.89885,0.0,-13.29349
575,0.15167,-357.153,-2.97628,0.0,1.71307,1.04675,0.9515,0.08323,22.9802,0.0,-13.31391
576,0.1512,-233.79816,-1.94832,0.0,0.70542,1.05201,0.95167,0.11251,13.75159,0.0,-13.25745
577,0.15073,-194.66326,-1.62219,0.0,0.2034,1.04407,0.94717,0.10926,11.99946,0.0,-13.0526
578,0.15027,-90.43243,-0.7536,0.0,0.0,1.02491,0.95317,0.10772,0.08081,0.0,-12.7919
579,0.1498,-56.93647,-0.47447,0.0,0.0,1.02321,0.9455,0.11301,0.77651,0.0,-12.6403
580,0.14933,-88.14235,-0.73452,0.0,0.0,1.02949,0.95275,0.09936,0.32438,0.0,-12.46391
581,0.14887,-120.15147,-1.00126,0.0,0.0,1.0499,0.95383,0.08669,2.17145,0.0,-12.35029
582,0.1484,-74.67991,-0.62233,0.0,0.0,1.01313,0.942,0.09211,1.57186,0.0,-12.2378
583,0.14793,-91.56347,-0.76303,0.0,0.0,1.02309,0.94442,0.10996,0.67225,0.0,-12.04752
584,0.14747,-81.67342,-0.68061,0.0,0.0,1.02144,0.94667,0.09828,2.7607,0.0,-11.87468
585,0.147,-84.69239,-0.70577,0.0,0.0,1.03016,0.94208,0.11594,3.31766,0.0,-11.70528
586,0.14653,-79.97716,-0.66648,0.0,0.0,1.0393,0.95558,0.09,1.73549,0.0,-11.59808
587,0.14607,-135.79741,-1.13165,0.0,0.0447,1.03885,0.94533,0.10128,4.03208,0.0,-11.55534
588,0.1456,-51.87018,-0.43225,0.0,0.0,1.03347,0.94267,0.10251,0.81925,0.0,-11.4252
589,0.14513,-55.34117,-0.46118,0.0,0.0,1.05496,0.946,0.09981,0.70676,0.0,-11.31524
590,0.14467,-60.50991,-0.50425,0.0,0.0,1.02141,0.94625,0.09802,1.45524,0.0,-11.17926
591,0.1442,-105.23772,-0.87698,0.0,0.0,1.02953,0.94533,0.09979,4.13415,0.0,-11.10883
592,0.14373,-132.28447,-1.10237,0.0,0.0,1.05257,0.94225,0.11305,6.50825,0.0,-11.0822
593,0.14327,-103.93546,-0.86613,0.0,0.0,1.04887,0.95325,0.0954,4.44861,0.0,-11.04108
594,0.1428,-61.62865,-0.51357,0.0,0.0,1.04423,0.94258,0.11381,0.94966,0.0,-10.97232
595,0.14233,-115.06606,-0.95888,0.0,0.0,1.02338,0.95217,0.0974,3.42173,0.0,-10.94048
596,0.14187,-82.53124,-0.68776,0.0,0.0,1.01395,0.94033,0.10671,1.0892,0.0,-10.87121
597,0.1414,-61.8963,-0.5158,0.0,0.0,1.03108,0.94975,0.10392,0.59312,0.0,-10.8264
598,0.14093,-76.69026,-0.63909,0.0,0.0,1.01862,0.94767,0.09884,1.24061,0.0,-10.76545
599,0.14047,-81.71817,-0.68098,0.0,0.0,1.04435,0.949,0.10641,2.87367,0.0,-10.73162
600,0.14,-92.98599,-0.77488,0.0,0.0,1.04184,0.94583,0.11542,3.56314,0.0,-10.64851
601,0.13953,-47.39924,-0.39499,0.0,0.0,1.02934,0.943,0.10704,0.26259,0.0,-10.60571
602,0.13907,-68.12137,-0.56768,0.0,0.0,1.04696,0.94483,0.11011,1.52379,0.0,-10.54736
603,0.1386,-65.97695,-0.54981,0.0,0.0,1.05135,0.93892,0.11971,1.52114,0.0,-10.49763
604,0.13813,-46.1245,-0.38437,0.0,0.0,1.03597,0.94817,0.10747,0.10474,0.0,-10.47381
605,0.13767,-122.36055,-1.01967,0.0,0.0,1.03682,0.935,0.12473,2.92567,0.0,-10.43257
606,0.1372,-65.20081,-0.54334,0.0,0.0,1.01903,0.94358,0.10446,0.85029,0.0,-10.38253
607,0.13673,-79.64863,-0.66374,0.0,0.0,1.02333,0.94758,0.10188,1.10064,0.0,-10.34409
608,0.13627,-70.83928,-0.59033,0.0,0.0,1.04534,0.93867,0.11156,1.6958,0.0,-10.3022
609,0.1358,-59.47936,-0.49566,0.0,0.0,1.04052,0.94433,0.11342,0.44353,0.0,-10.26809
610,0.13533,-83.15052,-0.69292,0.0,0.0,1.03375,0.95158,0.09447,2.19963,0.0,-10.25191
611,0.13487,-897.41742,-7.47848,0.0,0.0,1.29064,0.91708,0.15666,0.0,0.0,-10.53846
612,0.1344,-1205.42525,-10.04521,0.0,0.0,1.39529,0.91158,0.1611,0.0,0.0,-10.91803
613,0.13393,-1165.55788,-9.71298,0.0,0.0,1.39983,0.91417,0.14798,0.0,0.0,-11.26705
614,0.13347,-1056.26008,-8.80217,0.0,0.0,1.41317,0.91775,0.15814,0.0,0.0,-11.54535
615,0.133,-1258.63422,-10.48862,0.0,0.0,1.44499,0.90408,0.16629,0.0,0.0,-11.87881
616,0.13253,-865.45849,-7.21215,0.0,0.0,1.32871,0.93058,0.12109,0.1658,0.0,-12.05882
617,0.13207,-926.76618,-7.72305,0.0,0.0,1.3126,0.91942,0.15142,1.08083,0.0,-12.24912
618,0.1316,-1195.83692,-9.96531,0.0,0.0,1.42865,0.905,0.15885,0.0,0.0,-12.54283
619,0.13113,-1176.2338,-9.80195,0.0,0.0,1.37819,0.9165,0.15144,0.06846,0.0,-12.81134
620,0.13067,-1292.1106,-10.76759,0.0,0.0,1.43751,0.90225,0.15929,0.0,0.0,-13.08058
621,0.1302,-1071.41669,-8.92847,0.0,0.0,1.35854,0.92383,0.14282,0.14774,0.0,-13.27465
622,0.12973,-957.99305,-7.98328,0.0,0.0,1.27294,0.93217,0.12287,0.313,0.0,-13.43487
623,0.12927,-154.90003,-1.29083,0.0,0.0,1.04535,0.95433,0.11155,8.17163,0.0,-13.40885
624,0.1288,-232.87583,-1.94063,0.0,1.05949,1.05684,0.95808,0.09663,13.3051,0.0,-13.35959
625,0.12833,-203.46453,-1.69554,0.0,0.17983,1.02591,0.96017,0.08535,12.57436,0.0,-13.2113
626,0.12787,-209.50387,-1.74587,0.0,0.36141,1.02311,0.95458,0.10793,9.73889,0.0,-13.04304
627,0.1274,-96.60984,-0.80508,0.0,0.0,1.0145,0.94817,0.11856,1.01161,0.0,-12.90145
628,0.12693,-65.62664,-0.54689,0.0,0.0,1.03052,0.93283,0.11008,1.24886,0.0,-12.74161
629,0.12647,-149.74801,-1.2479,0.0,0.0,1.05218,0.96267,0.08363,1.0148,0.0,-12.69989
630,0.126,-67.30288,-0.56086,0.0,0.0,1.02883,0.95358,0.09234,1.02094,0.0,-12.50351
631,0.12553,-68.6091,-0.57174,0.0,0.0,1.02495,0.93858,0.09978,1.74811,0.0,-12.41836
632,0.12507,-306.1504,-2.55125,0.0,0.0,1.04095,0.952,0.08007,1.08078,0.0,-12.32735
633,0.1246,-107.92557,-0.89938,0.0,0.0,1.01602,0.9405,0.09811,2.56494,0.0,-12.20966
634,0.12413,-50.82238,-0.42352,0.0,0.0,1.02517,0.94775,0.10589,0.50431,0.0,-12.06327
635,0.12367,-73.9826,-0.61652,0.0,0.0,1.04408,0.94533,0.11235,1.45384,0.0,-11.94165
636,0.1232,-58.22028,-0.48517,0.0,0.0,1.05499,0.93842,0.11128,0.85999,0.0,-11.81674
637,0.12273,-101.08514,-0.84238,0.0,0.0,1.02675,0.94367,0.10699,4.57277,0.0,-11.76822
638,0.12227,-69.4687,-0.57891,0.0,0.0,1.04104,0.94575,0.10623,1.06226,0.0,-11.61768
639,0.1218,-74.61176,-0.62176,0.0,0.0,1.0358,0.95058,0.10308,1.82924,0.0,-11.49503
640,0.12133,-80.35208,-0.6696,0.0,0.0,1.03072,0.95142,0.10844,1.46173,0.0,-11.41179
641,0.12087,-74.86117,-0.62384,0.0,0.0,1.00948,0.95133,0.09325,0.18411,0.0,-11.34011
642,0.1204,-115.23056,-0.96025,0.0,0.0,1.02234,0.9505,0.10678,3.93973,0.0,-11.26926
643,0.11993,-64.4511,-0.53709,0.0,0.0,1.04189,0.94742,0.10758,1.30969,0.0,-11.16391
644,0.11947,-81.8118,-0.68176,0.0,0.0,1.02962,0.95667,0.09907,0.95593,0.0,-11.10056
645,0.119,-105.31254,-0.8776,0.0,0.0,1.02275,0.95408,0.09873,3.26983,0.0,-11.06161
646,0.11853,-58.81807,-0.49015,0.0,0.0,1.03225,0.95042,0.09963,0.3596,0.0,-10.99098
647,0.11807,-68.12419,-0.5677,0.0,0.0,1.05857,0.93567,0.11761,1.42013,0.0,-10.92113
648,0.1176,-62.08181,-0.51735,0.0,0.0,1.0155,0.95367,0.08845,0.49228,0.0,-10.87695
649,0.11713,-72.74524,-0.60621,0.0,0.0,1.03349,0.94808,0.10738,1.8963,0.0,-10.80574
650,0.11667,-102.91212,-0.8576,0.0,0.0,1.03579,0.94158,0.11664,2.29437,0.0,-10.77259
651,0.1162,-67.52766,-0.56273,0.0,0.0,1.02053,0.9445,0.10835,0.06468,0.0,-10.71326
652,0.11573,-80.27255,-0.66894,0.0,0.0,1.01122,0.94617,0.10266,2.86477,0.0,-10.6767
653,0.11527,-59.1685,-0.49307,0.0,0.0,1.04107,0.94608,0.10966,1.30308,0.0,-10.61297
654,0.1148,-121.99827,-1.01665,0.0,0.0,1.02965,0.93917,0.10893,6.02199,0.0,-10.56087
655,0.11433,-60.96563,-0.50805,0.0,0.0,1.00656,0.95375,0.0985,0.71021,0.0,-10.52167
656,0.11387,-78.61323,-0.65511,0.0,0.0,1.04184,0.95267,0.09183,1.61721,0.0,-10.4809
657,0.1134,-222.71796,-1.85598,0.0,0.94728,1.04203,0.95042,0.0926,12.87397,0.0,-10.50167
658,0.11293,-76.70453,-0.6392,0.0,0.0,1.01095,0.9525,0.0961,1.77558,0.0,-10.45015
659,0.11247,-58.45944,-0.48716,0.0,0.0,1.02779,0.95075,0.09699,0.5137,0.0,-10.39768
660,0.112,-75.05004,-0.62542,0.0,0.0,1.04326,0.94058,0.11134,1.69502,0.0,-10.36249
661,0.11153,-83.56671,-0.69639,0.0,0.0,1.05184,0.94233,0.10726,2.17715,0.0,-10.31888
662,0.11107,-174.16665,-1.45139,0.0,0.88805,1.02889,0.95733,0.0866,8.34711,0.0,-10.32413
663,0.1106,-62.7599,-0.523,0.0,0.0,1.0324,0.93808,0.11132,0.39903,0.0,-10.3049
664,0.11013,-72.57958,-0.60483,0.0,0.0,1.00518,0.94842,0.10487,0.04624,0.0,-10.28221
665,0.10967,-79.59427,-0.66329,0.0,0.0,1.02803,0.94742,0.09691,1.84936,0.0,-10.25683
666,0.1092,-77.87684,-0.64897,0.0,0.0,1.02629,0.9495,0.10203,1.05777,0.0,-10.22204
667,0.10873,-90.4143,-0.75345,0.0,0.0,1.0367,0.94517,0.10283,2.09969,0.0,-10.18345
668,0.10827,-78.57862,-0.65482,0.0,0.0,1.0324,0.9425,0.10992,1.54305,0.0,-10.14509
669,0.1078,-84.39642,-0.7033,0.0,0.0,1.02437,0.94175,0.09851,2.30435,0.0,-10.12894
670,0.10733,-57.89008,-0.48242,0.0,0.0,1.03046,0.94725,0.09962,0.33182,0.0,-10.11453
671,0.10687,-77.53696,-0.64614,0.0,0.0,1.02788,0.94933,0.10205,1.84215,0.0,-10.10424
672,0.1064,-69.36417,-0.57803,0.0,0.0,1.03131,0.95075,0.09762,1.59073,0.0,-10.07679
673,0.10593,-44.47612,-0.37063,0.0,0.0,1.0309,0.943,0.11718,0.01263,0.0,-10.04045
674,0.10547,-110.15676,-0.91797,0.0,0.0,1.03198,0.96058,0.09253,5.18312,0.0,-10.03993
675,0.105,-243.2231,-2.02686,0.0,0.0,1.09648,0.94342,0.0937,1.22695,0.0,-10.07596
676,0.10453,-841.26652,-7.01055,0.0,0.0,1.26224,0.92067,0.15598,1.26796,0.0,-10.34355
677,0.10407,-1119.8393,-9.33199,0.0,0.0,1.4021,0.91142,0.14649,0.0,0.0,-10.70096
678,0.1036,-869.85664,-7.24881,0.0,0.0,1.3773,0.91792,0.14239,3.27112,0.0,-10.96725
679,0.10313,-901.62741,-7.51356,0.0,0.0,1.35024,0.9205,0.13708,6.14895,0.0,-11.22134
680,0.10267,-981.2644,-8.1772,0.0,0.0,1.35691,0.90717,0.149,0.0,0.0,-11.47262
681,0.1022,-1197.09838,-9.97582,0.0,0.0,1.40296,0.91025,0.1562,0.0,0.0,-11.77962
682,0.10173,-1108.65705,-9.23881,0.0,0.0,1.39885,0.91517,0.1474,0.0,0.0,-12.05233
683,0.10127,-1064.2398,-8.86867,0.0,0.0,1.38151,0.91117,0.13586,0.00044,0.0,-12.29067
684,0.1008,-469.59631,-3.9133,0.0,0.0,1.10162,0.94867,0.11525,0.01265,0.0,-12.26463
685,0.10033,-196.38265,-1.63652,0.0,0.2533,1.06,0.9505,0.13874,9.18587,0.0,-12.16929
686,0.09987,-221.64259,-1.84702,0.0,0.13106,1.04718,0.95908,0.09615,9.10036,0.0,-12.09305
687,0.0994,-250.0664,-2.08389,0.0,0.73051,1.04584,0.96433,0.08905,14.87275,0.0,-12.09694
688,0.09893,-202.46111,-1.68718,0.0,0.19017,1.03345,0.9575,0.11028,6.82698,0.0,-11.98646
689,0.09847,-127.84288,-1.06536,0.0,0.0,1.05033,0.9425,0.12992,5.55675,0.0,-11.91149
690,0.098,-80.90999,-0.67425,0.0,0.0,1.04618,0.9415,0.12632,1.17118,0.0,-11.78408
691,0.09753,-675.95226,-5.63294,0.0,0.0,1.11573,0.93858,0.1374,3.29453,0.0,-11.85143
692,0.09707,-991.57185,-8.2631,0.0,0.0,1.31241,0.93092,0.12286,0.0,0.0,-12.09481
693,0.0966,-153.97443,-1.28312,0.0,0.0,1.03136,0.95658,0.10867,0.90397,0.0,-12.03365
694,0.09613,-265.05204,-2.20877,0.0,0.45597,1.04104,0.96075,0.1114,14.25055,0.0,-12.0374
695,0.09567,-384.7467,-3.20622,0.0,2.40504,1.05535,0.95808,0.10108,18.19116,0.0,-12.06522
696,0.0952,-291.44609,-2.42872,0.0,0.19124,1.06266,0.95892,0.09858,6.40216,0.0,-12.05841
697,0.09473,-661.92973,-5.51608,0.0,0.0,1.15234,0.93617,0.13976,0.83236,0.0,-12.18223
698,0.09427,-371.21845,-3.09349,0.0,0.0,1.07537,0.94667,0.12892,0.0,0.0,-12.19199
699,0.0938,-221.90072,-1.84917,0.0,0.3716,1.0497,0.96092,0.10518,13.25241,0.0,-12.19513
700,0.09333,-167.93046,-1.39942,0.0,0.211,1.05485,0.95217,0.12041,10.05566,0.0,-12.13564
701,0.09287,-96.15589,-0.8013,0.0,0.0,1.0631,0.95058,0.12538,1.31685,0.0,-12.05001
702,0.0924,-213.62017,-1.78017,0.0,0.0,1.03664,0.95592,0.10784,4.47404,0.0,-11.99012
703,0.09193,-113.38309,-0.94486,0.0,0.0,1.03598,0.95,0.12134,1.05192,0.0,-11.89389
704,0.09147,-101.80807,-0.8484,0.0,0.0,1.06923,0.94267,0.12095,1.81176,0.0,-11.81994
705,0.091,-105.89202,-0.88243,0.0,0.0,1.05525,0.95058,0.11254,0.88868,0.0,-11.76389
706,0.09053,-98.6323,-0.82194,0.0,0.0,1.06114,0.94917,0.12009,2.19947,0.0,-11.69372
707,0.09007,-83.97303,-0.69978,0.0,0.0,1.00517,0.95392,0.09686,0.53824,0.0,-11.60544
708,0.0896,-84.55086,-0.70459,0.0,0.0,1.0227,0.9565,0.10927,0.12728,0.0,-11.50325
709,0.08913,-75.01095,-0.62509,0.0,0.0,1.0499,0.94417,0.12096,0.64808,0.0,-11.41586
710,0.08867,-69.01658,-0.57514,0.0,0.0,1.04985,0.94083,0.12855,1.04687,0.0,-11.35357
711,0.0882,-256.45963,-2.13716,0.0,0.0,1.07663,0.94458,0.13556,0.65475,0.0,-11.35947
712,0.08773,-549.96296,-4.58302,0.0,0.0,1.16735,0.9425,0.12975,0.28723,0.0,-11.46802
713,0.08727,-516.56431,-4.3047,0.0,0.0,1.19123,0.943,0.11917,0.46886,0.0,-11.56963
714,0.0868,-930.44665,-7.75372,0.0,1.00825,1.3288,0.92617,0.13065,13.0469,0.0,-11.83176
715,0.08633,-955.24963,-7.96041,0.0,0.0,1.3549,0.92208,0.12468,0.0,0.0,-12.08252
716,0.08587,-1234.01267,-10.28344,0.0,0.0,1.4094,0.9125,0.14829,0.0,0.0,-12.41826
717,0.0854,-1253.6839,-10.44737,0.0,0.0,1.32269,0.91142,0.15458,0.0,0.0,-12.73106
718,0.08493,-119.94845,-0.99957,0.0,0.0,1.05357,0.95767,0.10445,2.25738,0.0,-12.6359
719,0.08447,-82.96687,-0.69139,0.0,0.0,1.02907,0.95833,0.10098,0.01456,0.0,-12.42901
720,0.084,-100.55543,-0.83796,0.0,0.0,1.05476,0.95825,0.1044,2.37866,0.0,-12.39864
721,0.08353,-95.01788,-0.79182,0.0,0.0,1.04687,0.9565,0.12163,0.96054,0.0,-12.29354
722,0.08307,-161.41743,-1.34515,0.0,0.0,1.03567,0.95667,0.11531,6.71079,0.0,-12.24347
723,0.0826,-116.86,-0.97383,0.0,0.0,1.02856,0.94992,0.12782,0.37585,0.0,-12.14893
724,0.08213,-71.19144,-0.59326,0.0,0.0,1.0675,0.95317,0.11033,1.39024,0.0,-12.08862
725,0.08167,-63.6217,-0.53018,0.0,0.0,1.04962,0.953,0.11626,0.02171,0.0,-11.98058
726,0.0812,-115.74717,-0.96456,0.0,0.0,1.04236,0.95258,0.11604,2.05969,0.0,-11.86238
727,0.08073,-94.96556,-0.79138,0.0,0.0,1.06032,0.94308,0.13947,1.71476,0.0,-11.74642
728,0.08027,-155.98052,-1.29984,0.0,0.0,1.06696,0.95492,0.10405,5.038,0.0,-11.70831
729,0.0798,-79.30325,-0.66086,0.0,0.0,1.04007,0.95083,0.10133,0.79803,0.0,-11.67049
730,0.07933,-65.31803,-0.54432,0.0,0.0,1.0193,0.95758,0.09325,0.17843,0.0,-11.59597
731,0.07887,-120.38256,-1.00319,0.0,0.0,1.08029,0.94758,0.12341,1.9381,0.0,-11.53366
732,0.0784,-72.26435,-0.6022,0.0,0.0,1.04578,0.95367,0.09994,1.66616,0.0,-11.49236
733,0.07793,-98.71659,-0.82264,0.0,0.0,1.06928,0.95317,0.10912,1.06413,0.0,-11.47762
734,0.07747,-76.64797,-0.63873,0.0,0.0,1.05233,0.95442,0.09845,0.97985,0.0,-11.42329
735,0.077,-117.16446,-0.97637,0.0,0.0,1.04594,0.9525,0.11704,3.81253,0.0,-11.37441
736,0.07653,-155.39382,-1.29495,0.0,0.0,1.03913,0.95567,0.10989,2.61843,0.0,-11.38129
737,0.07607,-88.95035,-0.74125,0.0,0.0,1.05502,0.95775,0.09973,1.16185,0.0,-11.34734
738,0.0756,-103.38492,-0.86154,0.0,0.0,1.06994,0.94217,0.13099,0.34617,0.0,-11.27472
739,0.07513,-122.16565,-1.01805,0.0,0.0,1.05172,0.95067,0.10807,1.40947,0.0,-11.24306
740,0.07467,-68.80017,-0.57333,0.0,0.0,1.05371,0.95067,0.12233,1.61803,0.0,-11.20912
741,0.0742,-142.81192,-1.1901,0.0,0.0,1.05369,0.94583,0.11759,0.41113,0.0,-11.18823
742,0.07373,-66.99775,-0.55831,0.0,0.0,1.04372,0.95292,0.11705,1.68617,0.0,-11.15069
743,0.07327,-88.74022,-0.7395,0.0,0.0,1.02771,0.95575,0.10642,0.73256,0.0,-11.1239
744,0.0728,-85.70674,-0.71422,0.0,0.0,1.08571,0.94867,0.11397,2.2334,0.0,-11.07347
745,0.07233,-1033.19726,-8.60998,0.0,0.0,1.24657,0.91842,0.15379,2.75289,0.0,-11.38837
746,0.07187,-224.62474,-1.87187,0.0,0.0,1.06693,0.958,0.088,5.03544,0.0,-11.39895
747,0.0714,-207.51402,-1.72928,0.0,0.03514,1.05822,0.95133,0.11717,9.0829,0.0,-11.41034
748,0.07093,-167.4424,-1.39535,0.0,0.09113,1.02798,0.94083,0.10223,8.83448,0.0,-11.38264
749,0.07047,-57.8112,-0.48176,0.0,0.0,1.00953,0.93408,0.09946,0.87021,0.0,-11.33206
750,0.07,-61.55757,-0.51298,0.0,0.0,1.03673,0.93683,0.10589,1.01243,0.0,-11.27833
751,0.06953,-62.37004,-0.51975,0.0,0.0,1.04169,0.93142,0.10333,0.73777,0.0,-11.2334
752,0.06907,-67.91169,-0.56593,0.0,0.0,1.01969,0.937,0.0901,1.84876,0.0,-11.19748
753,0.0686,-43.05878,-0.35882,0.0,0.0,1.021,0.93492,0.10748,0.04695,0.0,-11.15655
754,0.06813,-56.67656,-0.4723,0.0,0.0,1.01776,0.92975,0.10099,0.76456,0.0,-11.08761
755,0.06767,-60.02434,-0.5002,0.0,0.0,0.99797,0.93775,0.09658,0.82999,0.0,-11.03459
756,0.0672,-87.89265,-0.73244,0.0,0.02399,1.04369,0.94408,0.10391,3.14245,0.0,-10.9938
757,0.06673,-62.09289,-0.51744,0.0,0.0,0.98194,0.95042,0.09117,0.33166,0.0,-10.96515
758,0.06627,-55.18125,-0.45984,0.0,0.0,1.00744,0.94317,0.09749,0.97596,0.0,-10.94333
759,0.0658,-89.22019,-0.7435,0.0,0.0,1.02906,0.93817,0.09573,1.10997,0.0,-10.90546
760,0.06533,-56.01865,-0.46682,0.0,0.0,1.00842,0.94117,0.10333,0.59487,0.0,-10.86148
761,0.06487,-55.6919,-0.4641,0.0,0.0,1.01257,0.93375,0.10151,0.81413,0.0,-10.83087
762,0.0644,-70.04138,-0.58368,0.0,0.0,1.02045,0.94225,0.09419,1.22741,0.0,-10.80706
763,0.06393,-223.16644,-1.85972,0.0,0.8532,1.06268,0.94625,0.10398,12.57647,0.0,-10.83195
764,0.06347,-90.37547,-0.75313,0.0,0.0,1.01486,0.93858,0.09446,1.06661,0.0,-10.8186
765,0.063,-65.33526,-0.54446,0.0,0.0,1.04114,0.932,0.11102,1.09893,0.0,-10.77061
766,0.06253,-50.82417,-0.42353,0.0,0.0,1.01676,0.93208,0.1185,0.27288,0.0,-10.7384
767,0.06207,-74.15555,-0.61796,0.0,0.0,1.02091,0.93475,0.10038,0.68307,0.0,-10.71279
768,0.0616,-63.2043,-0.5267,0.0,0.0,1.03052,0.92525,0.11673,0.45565,0.0,-10.69264
769,0.06113,-60.48786,-0.50407,0.0,0.0,1.00898,0.9385,0.10558,1.03935,0.0,-10.68117
770,0.06067,-95.46029,-0.7955,0.0,0.0,1.00146,0.93225,0.11096,0.68649,0.0,-10.65608
771,0.0602,-62.34606,-0.51955,0.0,0.0,1.01345,0.93858,0.09819,0.61824,0.0,-10.61025
772,0.05973,-51.14823,-0.42624,0.0,0.0,1.00369,0.94283,0.09745,0.75929,0.0,-10.59609
773,0.05927,-56.27494,-0.46896,0.0,0.0,1.01281,0.93108,0.11665,0.17914,0.0,-10.5681
774,0.0588,-104.41812,-0.87015,0.0,0.0,1.00754,0.93958,0.09302,4.11931,0.0,-10.56033
775,0.05833,-82.36755,-0.6864,0.0,0.0,1.04632,0.93792,0.1111,2.61919,0.0,-10.53723
776,0.05787,-52.05127,-0.43376,0.0,0.0,1.02908,0.92575,0.11052,0.17031,0.0,-10.50151
777,0.0574,-73.44696,-0.61206,0.0,0.0,1.03104,0.93475,0.1028,1.71181,0.0,-10.48799
778,0.05693,-56.84479,-0.47371,0.0,0.0,1.01034,0.93558,0.10525,0.7068,0.0,-10.46734
779,0.05647,-51.36281,-0.42802,0.0,0.0,1.02685,0.93625,0.10911,0.23863,0.0,-10.43396
780,0.056,-52.2797,-0.43566,0.0,0.0,1.0204,0.93883,0.11077,0.77396,0.0,-10.42098
781,0.05553,-69.93529,-0.58279,0.0,0.0,0.997,0.93983,0.10268,0.45701,0.0,-10.40283
782,0.05507,-180.61745,-1.50515,0.0,0.0,1.04387,0.95067,0.08775,0.16253,0.0,-10.43015
783,0.0546,-982.66921,-8.18891,0.0,0.0,1.28786,0.90992,0.14894,0.0,0.0,-10.74624
784,0.05413,-846.32295,-7.05269,0.0,0.0,1.32213,0.91242,0.13714,0.0142,0.0,-11.00209
785,0.05367,-71.88246,-0.59902,0.0,0.0,1.00962,0.94525,0.09709,1.31217,0.0,-10.96185
786,0.0532,-69.55769,-0.57965,0.0,0.0,0.99624,0.93408,0.10247,0.39484,0.0,-10.93126
787,0.05273,-49.21568,-0.41013,0.0,0.0,1.0097,0.93442,0.10212,0.56804,0.0,-10.88659
788,0.05227,-65.02918,-0.54191,0.0,0.0,1.01635,0.94033,0.09734,1.15654,0.0,-10.86136
789,0.0518,-51.49656,-0.42914,0.0,0.0,1.00134,0.93983,0.0985,0.29941,0.0,-10.83201
790,0.05133,-44.60769,-0.37173,0.0,0.0,1.01091,0.93408,0.11159,0.07709,0.0,-10.78859
791,0.05087,-62.38305,-0.51986,0.0,0.0,1.02232,0.93667,0.10304,0.9347,0.0,-10.77544
792,0.0504,-68.27684,-0.56897,0.0,0.0,1.00437,0.93933,0.09808,1.07128,0.0,-10.76245
793,0.04993,-41.65946,-0.34716,0.0,0.0,1.0109,0.93708,0.11107,0.07692,0.0,-10.71863
794,0.04947,-48.31647,-0.40264,0.0,0.0,1.00765,0.93575,0.10996,0.37606,0.0,-10.70409
795,0.049,-76.06628,-0.63389,0.0,0.0,1.03227,0.93183,0.096,1.45657,0.0,-10.69187
796,0.04853,-49.22398,-0.4102,0.0,0.0,1.01223,0.93033,0.10223,0.53943,0.0,-10.67072
797,0.04807,-67.07456,-0.55895,0.0,0.0,1.01224,0.935,0.09803,1.52423,0.0,-10.66132
798,0.0476,-56.951,-0.47459,0.0,0.0,1.03084,0.93642,0.10426,0.86538,0.0,-10.60131
799,0.04713,-76.52045,-0.63767,0.0,0.0,1.02748,0.93625,0.09701,1.67748,0.0,-10.58333
800,0.04667,-57.38876,-0.47824,0.0,0.0,1.00721,0.93917,0.09753,1.23511,0.0,-10.55495
801,0.0462,-65.84478,-0.54871,0.0,0.0,1.00121,0.93525,0.10081,0.69898,0.0,-10.52581
802,0.04573,-76.65648,-0.6388,0.0,0.0,1.01584,0.93933,0.10269,0.67539,0.0,-10.51403
803,0.04527,-65.9929,-0.54994,0.0,0.0,1.00036,0.94458,0.09591,0.968,0.0,-10.50702
804,0.0448,-53.37638,-0.4448,0.0,0.0,1.02488,0.92717,0.10451,0.3767,0.0,-10.49121
805,0.04433,-47.29557,-0.39413,0.0,0.0,1.03294,0.93367,0.11048,0.19684,0.0,-10.47046
806,0.04387,-65.19418,-0.54328,0.0,0.0,0.99833,0.94117,0.08659,1.36668,0.0,-10.44677
807,0.0434,-52.5729,-0.43811,0.0,0.0,1.01711,0.9325,0.10323,0.65282,0.0,-10.4342
808,0.04293,-54.61232,-0.4551,0.0,0.0,1.01941,0.93917,0.10779,1.07819,0.0,-10.40883
809,0.04247,-61.51309,-0.51261,0.0,0.0,1.01422,0.94033,0.10531,1.14603,0.0,-10.38233
810,0.042,-54.72438,-0.45604,0.0,0.0,1.01866,0.94583,0.09186,1.1055,0.0,-10.36709
811,0.04153,-71.91569,-0.5993,0.0,0.0,1.03923,0.93475,0.09946,1.902,0.0,-10.37088
812,0.04107,-48.46644,-0.40389,0.0,0.0,1.01834,0.93875,0.11422,0.30422,0.0,-10.35289
813,0.0406,-102.0483,-0.8504,0.0,0.0,0.99693,0.93408,0.095,1.28907,0.0,-10.35997
814,0.04013,-49.23256,-0.41027,0.0,0.0,1.00788,0.93142,0.10439,0.32503,0.0,-10.34764
815,0.03967,-73.05659,-0.6088,0.0,0.0,1.02157,0.93383,0.10354,0.58856,0.0,-10.33872
816,0.0392,-59.29853,-0.49415,0.0,0.0,1.01718,0.94158,0.10407,0.82316,0.0,-10.32626
817,0.03873,-65.80718,-0.54839,0.0,0.0,1.02957,0.93308,0.11246,0.81788,0.0,-10.31923
818,0.03827,-63.60738,-0.53006,0.0,0.0,1.00997,0.94392,0.09754,1.75287,0.0,-10.30325
819,0.0378,-62.08851,-0.5174,0.0,0.0,1.01425,0.93558,0.10347,1.65288,0.0,-10.29319
820,0.03733,-45.55028,-0.37959,0.0,0.0,1.00855,0.93475,0.1022,0.1082,0.0,-10.27619
821,0.03687,-58.95492,-0.49129,0.0,0.0,1.02675,0.94033,0.0969,0.62958,0.0,-10.26657
822,0.0364,-68.3914,-0.56993,0.0,0.0,1.00589,0.94017,0.10691,0.19543,0.0,-10.25665
823,0.03593,-54.49852,-0.45415,0.0,0.0,1.0275,0.9275,0.10911,0.42033,0.0,-10.23967
824,0.03547,-62.54901,-0.52124,0.0,0.0,1.00847,0.94367,0.09649,0.78057,0.0,-10.21734
825,0.035,-969.49525,-8.07913,0.0,0.0,1.25727,0.90717,0.15514,0.0,0.0,-10.53861
826,0.03453,-1112.86061,-9.27384,0.0,0.0,1.36846,0.91175,0.15269,0.00641,0.0,-10.89381
827,0.03407,-1156.59086,-9.63826,0.0,0.0,1.38026,0.91275,0.1601,0.0,0.0,-11.23721
828,0.0336,-994.82712,-8.29023,0.0,0.0,1.27881,0.9195,0.14566,0.00619,0.0,-11.51657
829,0.03313,-929.68627,-7.74739,0.0,0.0,1.26405,0.92758,0.14583,0.05267,0.0,-11.74022
830,0.03267,-820.91733,-6.84098,0.0,0.0,1.31672,0.92383,0.11984,0.00624,0.0,-11.95486
831,0.0322,-1281.15828,-10.67632,0.0,0.0,1.45074,0.90633,0.16142,0.0,0.0,-12.28524
832,0.03173,-555.74854,-4.63124,0.0,0.0,1.14687,0.96433,0.09527,0.74616,0.0,-12.37906
833,0.03127,-155.01044,-1.29175,0.0,0.05428,1.02456,0.96075,0.09606,7.77285,0.0,-12.36628
834,0.0308,-219.93634,-1.8328,0.0,0.42011,1.05375,0.959,0.09759,13.34538,0.0,-12.38789
835,0.03033,-279.12072,-2.32601,0.0,0.03509,1.06518,0.95142,0.08808,9.97557,0.0,-12.416
836,0.02987,-159.83337,-1.33194,0.0,0.0,1.03994,0.94317,0.12234,6.98061,0.0,-12.31707
837,0.0294,-169.77652,-1.4148,0.0,0.07682,1.03041,0.96583,0.12342,10.60981,0.0,-12.28775
838,0.02893,-128.31492,-1.06929,0.0,0.0,1.0236,0.947,0.095,6.811,0.0,-12.2599
839,0.02847,-169.26646,-1.41055,0.0,0.0,1.03801,0.93733,0.10276,1.98953,0.0,-12.25542
840,0.028,-71.59473,-0.59662,0.0,0.0,1.02602,0.94458,0.1049,1.65681,0.0,-12.19554
841,0.02753,-93.31905,-0.77766,0.0,0.0,1.0227,0.93975,0.09852,0.48309,0.0,-12.13417
842,0.02707,-70.75908,-0.58966,0.0,0.0,1.04145,0.93567,0.11521,1.6115,0.0,-12.10939
843,0.0266,-55.96325,-0.46636,0.0,0.0,1.02134,0.93875,0.11247,0.48814,0.0,-12.09765
844,0.02613,-57.72036,-0.481,0.0,0.0,1.04486,0.93325,0.11101,0.71241,0.0,-12.07727
845,0.02567,-63.67858,-0.53065,0.0,0.0,1.01869,0.94583,0.09801,1.74164,0.0,-12.04144
846,0.0252,-72.11316,-0.60094,0.0,0.0,1.01141,0.9445,0.09139,0.58711,0.0,-12.01508
847,0.025,-54.54097,-0.45451,0.0,0.0,1.04821,0.93867,0.10857,0.68291,0.0,-11.98208
848,0.025,-54.23423,-0.45195,0.0,0.0,1.0328,0.94533,0.10376,0.61126,0.0,-11.95685
849,0.025,-143.75567,-1.19796,0.0,0.0,1.03007,0.94242,0.10742,0.14334,0.0,-11.95234
850,0.025,-66.51038,-0.55425,0.0,0.0,1.04425,0.93783,0.10741,1.2325,0.0,-11.9125
851,0.025,-68.11472,-0.56762,0.0,0.0,1.02041,0.93442,0.10863,1.08235,0.0,-11.86263
852,0.025,-70.72161,-0.58935,0.0,0.0,1.02796,0.94483,0.10062,1.95204,0.0,-11.82067
853,0.025,-53.51734,-0.44598,0.0,0.0,1.0349,0.93925,0.10523,0.52547,0.0,-11.79817
854,0.025,-50.75778,-0.42298,0.0,0.0,1.0034,0.948,0.09116,0.30132,0.0,-11.78974
855,0.025,-51.68787,-0.43073,0.0,0.0,1.04099,0.92925,0.12415,0.13741,0.0,-11.76566
856,0.025,-60.2805,-0.50234,0.0,0.0,1.0333,0.9475,0.10601,1.26048,0.0,-11.71517
857,0.025,-52.27882,-0.43566,0.0,0.0,1.04024,0.92958,0.11344,0.06615,0.0,-11.66616
858,0.025,-69.27789,-0.57732,0.0,0.0,1.02069,0.94533,0.09669,1.74806,0.0,-11.62341
859,0.025,-86.91624,-0.7243,0.0,0.0,1.02036,0.94292,0.09783,1.18921,0.0,-11.62263
860,0.025,-75.1837,-0.62653,0.0,0.0,1.00805,0.94217,0.08578,1.38983,0.0,-11.59868
861,0.025,-90.8159,-0.7568,0.0,0.0,1.03214,0.935,0.09606,1.54814,0.0,-11.58294
862,0.025,-77.79651,-0.6483,0.0,0.0,1.03401,0.93675,0.09683,1.54282,0.0,-11.5753
863,0.025,-45.43078,-0.37859,0.0,0.0,1.01577,0.94517,0.0957,0.11951,0.0,-11.51133
864,0.025,-50.27837,-0.41899,0.0,0.0,1.02554,0.94133,0.10894,0.38222,0.0,-11.43588
865,0.025,-67.42413,-0.56187,0.0,0.0,1.03119,0.94058,0.10418,0.32007,0.0,-11.41095
866,0.025,-84.45003,-0.70375,0.0,0.0,1.0203,0.94342,0.08626,1.91398,0.0,-11.39418
867,0.025,-76.60418,-0.63837,0.0,0.0,1.02727,0.94292,0.09697,2.06359,0.0,-11.38271
868,0.025,-91.90291,-0.76586,0.0,0.0,1.03804,0.94208,0.09585,1.78238,0.0,-11.33925
869,0.025,-78.85539,-0.65713,0.0,0.0,1.01678,0.94317,0.09825,0.93695,0.0,-11.33988
870,0.025,-70.91448,-0.59095,0.0,0.0,1.0364,0.93092,0.11131,1.10091,0.0,-11.33043
871,0.025,-51.40216,-0.42835,0.0,0.0,1.02339,0.93742,0.09719,0.63303,0.0,-11.29798
872,0.025,-74.94168,-0.62451,0.0,0.0,1.02345,0.94325,0.10455,1.89261,0.0,-11.28041
873,0.025,-79.9374,-0.66614,0.0,0.0,1.02063,0.93767,0.09321,1.71238,0.0,-11.27028
874,0.025,-49.67373,-0.41395,0.0,0.0,1.02297,0.94617,0.09831,0.39142,0.0,-11.21976
875,0.025,-62.65273,-0.52211,0.0,0.0,1.03533,0.94108,0.09771,1.14036,0.0,-11.20517
876,0.025,-77.36614,-0.64472,0.0,0.0,1.01825,0.93558,0.10646,1.03294,0.0,-11.20027
877,0.025,-78.14714,-0.65123,0.0,0.0,1.03827,0.93842,0.11103,1.92234,0.0,-11.18239
878,0.025,-75.21671,-0.62681,0.0,0.0,1.03492,0.93475,0.10677,0.59037,0.0,-11.16428
879,0.025,-72.98041,-0.60817,0.0,0.0,1.01358,0.952,0.08914,1.33325,0.0,-11.14407
880,0.025,-72.29016,-0.60242,0.0,0.0,0.99626,0.95,0.08987,0.74545,0.0,-11.14207
881,0.025,-70.7004,-0.58917,0.0,0.0,1.02237,0.94417,0.08444,1.03187,0.0,-11.11074
882,0.025,-70.9154,-0.59096,0.0,0.0,1.04499,0.93658,0.10614,1.60054,0.0,-11.09944
883,0.025,-58.9025,-0.49085,0.0,0.0,1.02804,0.942,0.10669,0.99194,0.0,-11.08678
884,0.025,-72.53236,-0.60444,0.0,0.0,1.0254,0.94058,0.10274,1.8314,0.0,-11.06666
885,0.025,-78.79557,-0.65663,0.0,0.0,1.02322,0.94125,0.09287,2.08919,0.0,-11.07072
886,0.025,-51.11601,-0.42597,0.0,0.0,1.02807,0.94483,0.10294,0.53243,0.0,-11.02693
887,0.025,-60.47071,-0.50392,0.0,0.0,1.02472,0.93825,0.10216,0.47912,0.0,-11.00127
888,0.025,-50.61557,-0.4218,0.0,0.0,1.03344,0.934,0.11198,0.27238,0.0,-10.99128
889,0.025,-97.05254,-0.80877,0.0,0.0,1.03013,0.94242,0.09573,3.61863,0.0,-10.97116
890,0.025,-56.41218,-0.4701,0.0,0.0,1.00773,0.95083,0.09404,0.90362,0.0,-10.93903
891,0.025,-70.15572,-0.58463,0.0,0.0,1.04426,0.93858,0.11808,1.73758,0.0,-10.91291
892,0.025,-113.63457,-0.94695,0.0,0.0,1.00806,0.94358,0.10499,0.61578,0.0,-10.91874
893,0.025,-78.10135,-0.65084,0.0,0.0,1.03961,0.93983,0.09923,1.95775,0.0,-10.91428
894,0.025,-60.59437,-0.50495,0.0,0.0,1.01293,0.9465,0.09817,1.12984,0.0,-10.90949
895,0.025,-126.44615,-1.05372,0.0,0.0,1.03346,0.94342,0.09509,1.22529,0.0,-10.91686
896,0.025,-53.39862,-0.44499,0.0,0.0,1.03527,0.934,0.11132,0.47656,0.0,-10.89281
897,0.025,-91.12439,-0.75937,0.0,0.0,1.02913,0.93908,0.09721,1.91648,0.0,-10.87944
898,0.025,-62.33719,-0.51948,0.0,0.0,1.03987,0.94158,0.10338,1.53228,0.0,-10.86182
899,0.025,-119.19589,-0.9933,0.0,0.0,1.0346,0.94375,0.09964,2.57376,0.0,-10.86023
900,0.025,-60.34872,-0.50291,0.0,0.0,1.03294,0.93758,0.09135,1.45054,0.0,-10.84455
