t,ref,dist,PID_y,PID_u,Fuzzy_y,Fuzzy_u,DL_y,DL_u,QL_y,QL_u
0,0.0,0,0.0,0.0,0.0,0.0,0.0,0.0,0.0,0.0
1,0.0,0,0.04799999999999997,0.5999999999999996,0.04799999999999997,0.5999999999999996,0.04836147420283626,0.6045184275354533,0.068,0.85
2,0.0,0,0.07295999999999996,0.35999999999999976,0.08303979987492179,0.48599749843652257,0.09277826611518952,0.6035713731072521,0.11056,0.6
3,0.0,0,0.08862719999999996,0.2687999999999999,0.11242007434029377,0.4502932306920715,0.13437636919396245,0.6127545545998508,0.1497152,0.6
4,0.0,0,0.09701990399999996,0.19353599999999982,0.13994226701824972,0.4564474828147429,0.1745459069095774,0.6364955906391492,0.18573798400000002,0.6
5,0.0,0,0.10051043327999995,0.14065151999999984,0.16364358012236363,0.43620868081967357,0.21324220190919124,0.6582495944047503,0.21887894528000001,0.6
6,0.0,0,0.10066844712959995,0.1024856063999999,0.18424933958695883,0.4212155734298035,0.2501546116166424,0.6746473232523302,0.20936862965760003,0.1
7,0.0,0,0.09861760627507195,0.07503293644799992,0.20146454094551614,0.3994393565689251,0.2849996756934441,0.685717912576664,0.20061913928499203,0.1
8,0.0,0,0.09514776740757498,0.05524462043135994,0.21602350116619126,0.3834515437039551,0.3175851830830721,0.6923185180637942,0.19256960814219268,0.1
9,0.0,0,0.0908125613775126,0.04095769203179517,0.22727595664603528,0.3566791946642414,0.3478059334028283,0.695344562080024,0.22516403949081726,0.6
10,0.6,0,0.16354755646731162,1.0,0.25709388011435247,0.5999999999999996,0.3862512469021269,0.8283723521440612,0.2151509163315519,0.1
11,0.6,0,0.2304637519499267,1.0,0.301806016429159,0.8159955840494342,0.4244151754906452,0.8633003542586055,0.27793884302502775,1.0
12,0.6,0,0.29202665179393256,1.0,0.3414979954787834,0.797955754549464,0.4593314134210922,0.8608681496212319,0.3357037355830256,1.0
13,0.6,0,0.348664519650418,1.0,0.3785523403053652,0.8046773058110555,0.49093543455291244,0.8543816775688452,0.38884743673638356,1.0
14,0.6,0,0.4007713580783846,1.0,0.4129476779089901,0.8084940603506761,0.51892042537296,0.8407478198035071,0.4377396417974729,1.0
15,0.6,0,0.4487096494321139,1.0,0.4402469560639907,0.7541886548464973,0.54259105372,0.8148032797109604,0.47072047045367504,0.85
16,0.6,0,0.48855349375675605,0.9467577034901407,0.46373348067459136,0.7338285136964978,0.5609428842790529,0.7719889357081612,0.5010628328173811,0.85
17,0.6,0,0.5167383245274976,0.8408638783910249,0.4841319102990701,0.7187138509805759,0.5736803330028383,0.7201609933263696,0.5289778061919905,0.85
18,0.6,0,0.5372566602240925,0.7732175207349328,0.5017972166261786,0.7049482393879263,0.5819893344080229,0.6775428505676462,0.5546595816966313,0.85
19,0.6,0,0.5521792614593212,0.7237891756644504,0.5182352779951999,0.7072729837389445,0.5874166383149351,0.6498306332444241,0.5782868151609009,0.85
20,0.6,0,0.5630863211119894,0.6885175071176741,0.533438974932348,0.7082814897095522,0.5910531178168674,0.6328726320890883,0.6000238699480289,0.85
21,0.6,0,0.5710994979551716,0.6632510316517652,0.5462372022474086,0.693416816370604,0.5935535754948771,0.6223088387919875,0.6000219603521867,0.6
22,0.6,0,0.5770248429791519,0.6451663107549259,0.5552928534092517,0.6594328417704485,0.5953081156636286,0.6154853276042711,0.6000202035240119,0.6
23,0.6,0,0.5814406885881522,0.6322229130916549,0.5629762928897125,0.651335846915012,0.5965576353979636,0.6109271123428156,0.600018587242091,0.6
24,0.6,0,0.5847623596752511,0.622961577176888,0.5693238474888657,0.642320725379126,0.5974570390635872,0.6078001812182577,0.6000171002627238,0.6
25,0.6,0,0.587288319763147,0.6163368607739481,0.574583956051214,0.6350752045182203,0.5981094214079085,0.6056118183676035,0.600015732241706,0.6
26,0.6,0,0.5892332560636147,0.6116000235189925,0.5789417981650521,0.6290569824741895,0.5985852662939113,0.6040574824829429,0.6000144736623696,0.6
27,0.6,0,0.5907517800725739,0.6082148061756059,0.5825522790951871,0.6240728097917395,0.5989337552709464,0.6029413785068497,0.6000133157693801,0.6
28,0.6,0,0.5919554093157434,0.6057971456121929,0.5855436156723387,0.6199439863095823,0.5991897343413346,0.6021334936507982,0.6000122505078298,0.6
29,0.6,0,0.5929247357211666,0.6040719893835323,0.5880220172173667,0.6165236349851889,0.5993781753568534,0.601545247035321,0.6000112704672035,0.6
30,0.6,0,0.5937181459678623,0.6028423638048632,0.5900754634073555,0.6136900945922279,0.5995171261620185,0.6011150604214158,0.6000103688298273,0.6
31,0.6,0,0.59437807175127,0.6019672182604575,0.5917768361547404,0.6113426227496663,0.5996197126435314,0.6007994571809295,0.6000095393234411,0.6
32,0.6,0,0.5949354704751489,0.6013455557997561,0.5931865125489967,0.6093977910829436,0.5996955256107611,0.6005673747339026,0.6000087761775659,0.6
33,0.6,0,0.5954130381522081,0.6009050664383881,0.5943545119060611,0.6077865045123015,0.5997515971015906,0.6003964192461293,0.6000080740833607,0.6
34,0.6,0,0.5958275139507856,0.6005939856344263,0.5953222737481908,0.6064515349326814,0.5997930962488714,0.6002703364425995,0.6000074281566918,0.6
35,0.6,0,0.5961913338645577,0.6003752628729359,0.5961241302698307,0.6053454802686895,0.5998238299961367,0.6001772680896872,0.6000068339041565,0.6
36,0.6,0,0.5965138179487866,0.6002223849174171,0.5967885258724741,0.6044290753028729,0.599846605998288,0.600108530023028,0.6000062871918241,0.6
37,0.6,0,0.5968020232529379,0.6001163842506776,0.5973390272791291,0.6036697934556624,0.5998634970735093,0.6000577444385541,0.6000057842164783,0.6
38,0.6,0,0.597061357107064,0.600043696429514,0.5977951602370062,0.6030406892525916,0.5998760347026189,0.6000202174373797,0.6000053214791601,0.6
39,0.6,0,0.5972960185774712,0.5999946254871533,0.5981731026127054,0.6025194399332465,0.5998853510457776,0.5999924889921029,0.6000048957608274,0.6
40,0.6,0,0.5975093166798434,0.5999622448571243,0.5984862585521928,0.602087551856298,0.5998922834119705,0.5999720056231899,0.6000045040999613,0.6
41,0.6,0,0.5977039001648502,0.5999416102424289,0.598745734132093,0.6017297033009442,0.5998974512387442,0.5999568812466416,0.6000041437719644,0.6
42,0.6,0,0.5978819238249273,0.5999291959158142,0.5989607314156369,0.6014332001763927,0.599901312887324,0.5999457218459915,0.6000038122702074,0.6
43,0.6,0,0.5980451692030117,0.5999224910509803,0.5991388749190777,0.6011875252086458,0.5999042075848773,0.5999374966067402,0.6000035072885909,0.6
44,0.6,0,0.5981951325206234,0.5999197106731576,0.5992864820877253,0.6009839645271723,0.5999063864196633,0.5999314430197025,0.6000032267055037,0.6
45,0.6,0,0.5983330890151559,0.5999195887022797,0.5994087873883925,0.6008152983460665,0.5999080352580645,0.5999269968996778,0.6000029685690634,0.6
46,0.6,0,0.5984601402772268,0.5999212297910418,0.599510127975439,0.6006755447264732,0.5999092916952843,0.5999237407233111,0.6000027310835384,0.6
47,0.6,0,0.5985772493167025,0.599924003270673,0.5995940975216377,0.6005597473029224,0.5999102575965225,0.5999213654607627,0.6000025125968554,0.6
48,0.6,0,0.5986852667515421,0.5999274672521974,0.5996636736738846,0.6004637994247234,0.5999110083776247,0.5999196423602999,0.6000023115891071,0.6
49,0.6,0,0.5987849505572159,0.5999313143224644,0.5997213236568927,0.6003842984614856,0.599911599873933,0.5999184020814792,0.6000021266619786,0.6
50,0.6,0,0.5988769811289164,0.5999353327034722,0.5997690917720273,0.6003184250960749,0.599912073424667,0.5999175192581072,0.6000019565290203,0.6
51,0.6,0,0.5989619729172814,0.5999393784834788,0.5998086718956724,0.6002638433175921,0.599912459636727,0.599916901075417,0.6000018000066988,0.6
52,0.6,0,0.5990404835458732,0.5999433557746796,0.5998414675490733,0.6002186175631836,0.5999127811710813,0.5999164788161545,0.600001656006163,0.6
53,0.6,0,0.5991130210657954,0.5999472025449007,0.5998686416705191,0.6001811440671457,0.5999130548056457,0.599916201603137,0.6000015235256699,0.6
54,0.6,0,0.5991800498213414,0.5999508805101197,0.5998911578553279,0.6001500939806275,0.5999132929625679,0.599916031767172,0.6000014016436164,0.6
55,0.6,0,0.59924199527024,0.5999543679325733,0.5999098145263696,0.6001243662433483,0.5999135048389964,0.5999159414179243,0.6000012895121272,0.6
56,0.6,0,0.5992992480083987,0.5999576544972238,0.5999252732470656,0.600103048535069,0.5999136972442929,0.5999159099052016,0.6000011863511571,0.6
57,0.6,0,0.5993521671816674,0.599960737674257,0.5999380821810119,0.6000853849213941,0.5999138752199006,0.5999159219393876,0.6000010914430646,0.6
58,0.6,0,0.5994010834186182,0.5999636201435526,0.5999486955302201,0.600070749046115,0.5999140424982963,0.5999159661998453,0.6000010041276195,0.6
59,0.6,0,0.5994463013833342,0.5999663079775671,0.5999574896413336,0.6000586219191383,0.5999142018427999,0.5999160343045913,0.60000092379741,0.6
60,0.6,0,0.5994881020218956,0.5999688093653524,0.5999647763509965,0.6000485735121194,0.5999143552991711,0.59991612004744,0.6000008498936172,0.6
61,0.6,0,0.5995267445579249,0.5999711337222611,0.5999708140436384,0.6000402475090193,0.599914504381892,0.599916218833181,0.6000007819021279,0.6
62,0.6,0,0.5995624682792194,0.5999732910741075,0.5999758168138055,0.6000333486707269,0.599914650212091,0.59991632725938,0.6000007193499577,0.6
63,0.6,0,0.5995954941477848,0.5999752916362865,0.5999799620579506,0.6000276323656184,0.5999147936196628,0.5999164428067393,0.6000006618019611,0.6
64,0.6,0,0.5996260262584411,0.5999771455309885,0.5999833967648954,0.6000228958947609,0.5999149352188767,0.5999165636098375,0.6000006088578043,0.6
65,0.6,0,0.5996542531659208,0.5999788626019369,0.5999862427280329,0.600018971304114,0.5999150754643574,0.5999166882873839,0.60000056014918,0.6
66,0.6,0,0.5996803490964601,0.5999804522976623,0.5999886008640963,0.6000157194288263,0.5999152146925318,0.5999168158165366,0.6000005153372456,0.6
67,0.6,0,0.5997044750569569,0.5999819236026694,0.5999905547916426,0.6000130249584255,0.5999153531523171,0.5999169454398476,0.600000474110266,0.6
68,0.6,0,0.5997267798525432,0.5999832850017864,0.5999921737961432,0.6000107923478997,0.5999154910278411,0.599917076596366,0.6000004361814448,0.6
69,0.6,0,0.599747401021721,0.5999845444672648,0.5999935152868257,0.6000089424296734,0.5999156284552636,0.5999172088706225,0.6000004012869293,0.6
70,0.6,0,0.5997664656968793,0.5999857094611992,0.5999946268323861,0.6000074096063323,0.5999157655352316,0.5999173419548637,0.600000369183975,0.6
71,0.6,0,0.5997840913969745,0.5999867869480691,0.5999955478477591,0.6000061395245476,0.5999159023420999,0.599917475621085,0.6000003396492571,0.6
72,0.6,0,0.5998003867583116,0.5999877834136874,0.5999963109917559,0.6000050871477189,0.5999160389307582,0.5999176097003279,0.6000003124773167,0.6
73,0.6,0,0.599815452208687,0.5999887048880049,0.5999969433251344,0.6000042151589875,0.5999161753416856,0.5999177440673508,0.6000002874791314,0.6
74,0.6,0,0.5998293805895898,0.5999895569699714,0.5999974672701628,0.6000034926379892,0.599916311604693,0.5999178786292783,0.6000002644808009,0.6
75,0.6,0,0.5998422577306808,0.5999903448532269,0.5999979014057042,0.60000289396443,0.5999164477416936,0.5999180133171992,0.6000002433223369,0.6
76,0.6,0,0.5998541629803702,0.5999910733517977,0.5999982611260156,0.6000023979095963,0.5999165837687538,0.5999181480799449,0.60000022385655,0.6
77,0.6,0,0.5998651696959596,0.5999917469252374,0.5999985591866219,0.6000019868835946,0.5999167196976122,0.5999182828794832,0.6000002059480262,0.6
78,0.6,0,0.5998753456965124,0.5999923697028687,0.5999988061566216,0.6000016463116183,0.599916855536804,0.5999184176875083,0.6000001894721841,0.6
79,0.6,0,0.599884753681344,0.5999929455069065,0.5999990107934625,0.6000013641171317,0.5999169912924929,0.5999185524829151,0.6000001743144094,0.6
80,0.6,0,0.5998934516167842,0.5999934778743474,0.5999991803534768,0.6000011302936402,0.5999171269690879,0.5999186872499312,0.6000001603692567,0.6
81,0.6,0,0.5999014930936475,0.5999939700775747,0.5999993208491878,0.6000009365498644,0.5999172625696995,0.5999188219767323,0.6000001475397163,0.6
82,0.6,0,0.5999089276576487,0.5999944251436633,0.5999994372625116,0.6000007760157346,0.5999173980964769,0.5999189566544171,0.6000001357365391,0.6
83,0.6,0,0.5999158011148309,0.5999948458724262,0.5999995337214131,0.6000006429987808,0.5999175335508589,0.5999190912762499,0.600000124877616,0.6
84,0.6,0,0.5999221558139022,0.5999952348532218,0.5999996136462825,0.60000053278228,0.599917668933758,0.5999192258370973,0.6000001148874068,0.6
85,0.6,1,0.5759280309072379,0.5999955944805984,0.5759996798712202,0.6000004414580036,0.5938603629800865,0.8242013445128642,0.5960001056964142,0.85
86,0.6,1,0.5634534625921646,0.7199959269688204,0.5589038125678377,0.662301338578938,0.5886005688553897,0.8281129364213771,0.604320097240701,1.0
87,0.6,1,0.5556248843340195,0.7655962343653514,0.5442444004432607,0.675661161010626,0.5840882212446439,0.8321962237210675,0.5999744894614449,0.85
88,0.6,1,0.5514331750723662,0.8032285185633542,0.5322184717272932,0.6939202914936664,0.5801890564593262,0.8353486614281725,0.6079765303045293,1.0
89,0.6,1,0.5496922027716384,0.8296710213132694,0.5233850721495915,0.721800977006022,0.5767978711182602,0.8377992396960025,0.6033384078801669,0.85
90,0.6,1,0.549617164232591,0.8487542210335453,0.5156616213932083,0.7268419376948,0.5738341453420169,0.8397512989152206,0.5990713352497536,0.85
91,0.6,1,0.5506462535417087,0.8624807805965632,0.5084560360230312,0.7255918042659961,0.5712368039923315,0.8413673784709496,0.6071456284297733,1.0
92,0.6,1,0.5523845649577439,0.8723751462421498,0.5017701896851395,0.7248829567993845,0.5689600422096712,0.8427772817090781,0.6025739781553914,0.85
93,0.6,1,0.5545553039538107,0.8795188024085789,0.4955805144498937,0.7243992492445664,0.5669699204602003,0.8440835203412851,0.5983680599029602,0.85
94,0.6,1,0.5569659235860625,0.884688049356957,0.4898586235088761,0.7240568776871736,0.5652414528936265,0.8453640758780278,0.6064986151107233,1.0
95,0.6,1,0.5594837776196272,0.8884390990056218,0.48456885619256673,0.7237365320550084,0.5637560032111512,0.8466733318626856,0.6019787259018654,0.85
96,0.6,1,0.5620187291215956,0.891170671394231,0.47967876267144727,0.7234426871785742,0.5624989002495964,0.8480422161917156,0.5978204278297161,0.85
97,0.6,1,0.5645107215624332,0.8931686346320659,0.47519108072627025,0.7235827383567347,0.5614572798462165,0.8494786452073484,0.6059947936033387,1.0
98,0.6,1,0.5669209042529079,0.8946380051933673,0.4715122915958846,0.7292062165964494,0.5606182374879515,0.8509692503679024,0.6015152101150716,0.85
99,0.6,1,0.5692253013297234,0.8957258677131017,0.46848416107909013,0.733660660135954,0.5599674187530623,0.8524830033018373,0.5973939933058658,0.85
100,0.6,1,0.5714103007228356,0.8965377937436264,0.46583836989973104,0.7354117713371014,0.5594881633639469,0.8539767263891187,0.6056024738413965,1.0
101,0.6,1,0.5734694449414859,0.8971496034559637,0.46346324198665073,0.7361492709862273,0.559161250919677,0.8554017578105746,0.6011542759340849,0.85
102,0.6,1,0.5754011526692849,0.8976157915389739,0.46134878022402176,0.7370324699537883,0.558965194971064,0.856710551562014,0.5970619338593581,0.85
103,0.6,1,0.5772071055466368,0.8979755636361831,0.4594646718836964,0.737797425969955,0.5588769387709718,0.8578619924699098,0.6052969791506094,1.0
104,0.6,1,0.5788911099970208,0.8982571611764375,0.4577882167613978,0.7385089828549644,0.5588727581685947,0.8588246812412585,0.6008732208185608,0.85
105,0.6,1,0.5804582980082893,0.8984809601378784,0.45629761458841545,0.7391556895991187,0.5589291865156817,0.8595781125071824,0.5968033631530758,0.85
106,0.6,1,0.5819145694902512,0.8986616915328135,0.4549733669868811,0.7397445195692367,0.5590238270793723,0.8601121935618143,0.6050590941008297,1.0
107,0.6,1,0.583266206549574,0.8988100327317856,0.4537977618537308,0.7402783028225015,0.5591359818939079,0.8604257622610668,0.6006543665727633,0.85
108,0.6,1,0.5845196098712128,0.8989337480700585,0.4527548215606628,0.7407610081903815,0.5592470792695065,0.8605246990888897,0.5966020172469422,0.85
109,0.6,1,0.585681121606021,0.899038506556315,0.45183014500585694,0.7411963646255894,0.5593409158349493,0.8604200363375419,0.6048738558671868,1.0
110,0.6,1,0.5867569093369434,0.8991284682425486,0.45101078229047026,0.7415881110635235,0.5594037446584784,0.8601262761290638,0.6004839473978119,0.85
111,0.6,0,0.6117528929772631,0.8992067048409389,0.47428510896728554,0.7419398657506615,0.5691313041443896,0.6809982382323674,0.600445231605987,0.6
112,0.6,0,0.6251547016646164,0.7792755015691795,0.49304411362312733,0.7087726671653073,0.5776247106454225,0.675298885407301,0.6004096130775081,0.6
113,0.6,0,0.6338412514418114,0.7337365738795538,0.5101090657569292,0.7063560152956501,0.5840365077908559,0.6577721749633397,0.6003768440313075,0.6
114,0.6,0,0.6388266891809903,0.6961592231815473,0.5259218599637918,0.7077689933427124,0.588676913946621,0.6420415847379194,0.600346696508803,0.6
115,0.6,0,0.6413018507529354,0.6697662088303044,0.5405404749353807,0.7086545471086534,0.5919689723538929,0.6298276440375182,0.6003189607880989,0.6
116,0.6,0,0.6420559292491375,0.6507278319554604,0.5507736323367176,0.6684549424520918,0.5942800691609482,0.6208576824420838,0.600293443925051,0.6
117,0.6,0,0.6416548185748476,0.6370420458205148,0.5592120402748201,0.6562537315629994,0.5958935151706813,0.614448144282612,0.600269968411047,0.6
118,0.6,0,0.6404972250019338,0.6271848989134248,0.5662069748464117,0.6466487224197153,0.5970166271510783,0.609932414925643,0.6002483709381633,0.6
119,0.6,0,0.6388634718442792,0.6200753105312495,0.5720016110125451,0.6386399269230794,0.5977972588396399,0.6067745232580979,0.6002285012631103,0.6
120,0.6,0,0.6369493793164193,0.614937315246029,0.5768023566258434,0.6320109311787738,0.5983394860399847,0.6045750988439497,0.6002102211620616,0.6
121,0.6,0,0.634890627625057,0.61121498317439,0.5807797412079309,0.6265196639019348,0.5987160685621283,0.6030467675667799,0.6001934034690967,0.6
122,0.6,0,0.6327801642397257,0.6085098353084157,0.584075036209785,0.6219709287311072,0.5989776845490672,0.601986268398864,0.600177931191569,0.6
123,0.6,0,0.6306806480810431,0.6065362122561927,0.5868052562087108,0.6182027861963576,0.599159558396796,0.6012511076456774,0.6001636966962436,0.6
124,0.6,0,0.6286333386659482,0.605089280392357,0.5890673296109573,0.6150811737367918,0.5992861434808542,0.6007418719475227,0.6001506009605442,0.6
125,0.6,0,0.6266644409234593,0.6040221168848359,0.5909415498343125,0.6124950824028955,0.5993744033702132,0.6003893920978419,0.6001385528837007,0.6
126,0.6,0,0.6247896292161746,0.6032292945824009,0.592494432685821,0.6103525854781684,0.5994361005925813,0.6001456186498159,0.6001274686530047,0.6
127,0.6,0,0.6230172687268245,0.6026351230992975,0.5937810822632117,0.6085775524032041,0.5994793889883118,0.5999772055392109,0.6001172711607644,0.6
128,0.6,0,0.6213507052345915,0.6021852250739111,0.5948471500843799,0.6071069300278144,0.5995099198415883,0.5998610246542676,0.6001078894679033,0.6
129,0.6,0,0.6197898889300385,0.6018405014276789,0.5957304575123257,0.605888492933701,0.5995316095276846,0.5997810409177922,0.6000992583104711,0.6
130,0.6,0,0.6183325224466621,0.6015728078878332,0.5964623394425848,0.6048789816405636,0.5995471719373012,0.5997261396478917,0.6000913176456334,0.6
131,0.6,0,0.6169748692366213,0.6013618573211504,0.5970687572155206,0.6040425616042816,0.5995584876146993,0.5996886179047763,0.6000840122339828,0.6
132,0.6,0,0.61571231971001,0.6011930001539798,0.597571220443387,0.6033495475638495,0.5995668596244615,0.5996631377367261,0.6000772912552642,0.6
133,0.6,0,0.6145397848376899,0.6010556338060091,0.5979875506010879,0.6027753474146477,0.5995731908769293,0.5996460002803089,0.6000711079548431,0.6
134,0.6,0,0.6134519670689144,0.6009420627279951,0.5983325135714496,0.6022995877306098,0.5995781070094689,0.5996346425336739,0.6000654193184557,0.6
135,0.6,0,0.612443544203261,0.6008466812482457,0.5986183436552395,0.6019053896188227,0.5995820415345205,0.5996272885726138,0.6000601857729793,0.6
136,0.6,0,0.6115092916819652,0.6007653876870629,0.5988551776835265,0.6015787690088271,0.5995852948392689,0.5996227078438747,0.600055370911141,0.6
137,0.6,0,0.6106441614807608,0.6006951641669099,0.5990514146652575,0.6013081399551637,0.5995880750663257,0.5996200476774777,0.6000509412382498,0.6
138,0.6,0,0.6098433305740637,0.6006337751470465,0.599214013750474,0.601083903230463,0.5995905264397604,0.599618717234258,0.6000468659391899,0.6
139,0.6,0,0.6091022282109466,0.6005795510350995,0.5993487410939162,0.6008981055435011,0.5995927488921959,0.5996183070952044,0.6000431166640547,0.6
140,0.6,0,0.6084165485758124,0.6005312327717687,0.5994603743859384,0.6007441572441924,0.5995948116645806,0.5996185335470041,0.6000396673309304,0.6
141,0.6,0,0.6077822534994306,0.6004878601210387,0.5995528723124851,0.6006165984677719,0.5995967627297303,0.5996191999789513,0.600036493944456,0.6
142,0.6,0,0.6071955685230817,0.6004486912950697,0.5996295149594486,0.6005109053995286,0.5995986353222051,0.5996201701356667,0.6000335744288996,0.6
143,0.6,0,0.6066529746452833,0.6004131450506035,0.5996930201444636,0.600423329772136,0.5996004524631663,0.5996213495842189,0.6000308884745877,0.6
144,0.6,0,0.6061511973861664,0.6003807589063217,0.5997456398042362,0.6003507658916225,0.5996022300959282,0.5996226728726887,0.6000284173966208,0.6
145,0.6,0,0.605687194309715,0.6003511589305229,0.5997892398573429,0.60029064046807,0.5996039792588272,0.5996240946321655,0.6000261440048912,0.6
146,0.6,0,0.6052581417919628,0.6003240378378133,0.5998253663758326,0.6002408213384646,0.5996057075910065,0.599625583411067,0.6000240524845,0.6
147,0.6,0,0.6048614215731825,0.6002991390572082,0.599855300413038,0.6001995418409,0.5996074203759393,0.5996271174026667,0.6000221282857401,0.6
148,0.6,0,0.6044946074549895,0.6002762450957689,0.5998801034324438,0.6001653381556105,0.5996091212646196,0.5996286814844429,0.6000203580228809,0.6
149,0.6,0,0.6041554523782703,0.6002551689959986,0.5999006549489687,0.600136997389004,0.5996108127767631,0.5996302651664124,0.6000187293810505,0.6
